AGENCY_NAME,data_year,Aggravated Assault,All Other Offenses (Except Traffic),Arson,Burglary,Curfew and Loitering Law Violations,Disorderly Conduct,Driving Under the Influence,Drug Abuse Violations - Grand Total,Drunkenness,Embezzlement,Forgery and Counterfeiting,Fraud,Gambling - Total,Human Trafficking - Commercial Sex Acts,Human Trafficking - Involuntary Servitude,Larceny - Theft,Liquor Laws,Manslaughter by Negligence,Motor Vehicle Theft,Murder and Nonnegligent Manslaughter,Offenses Against the Family and Children,Prostitution and Commercialized Vice,Rape,Robbery,Simple Assault,"Stolen Property: Buying, Receiving, Possessing",Suspicion,Vagrancy,Vandalism,"Weapons: Carrying, Possessing, Etc.","Sex Offenses (Except Rape, and Prostitution and Commercialized Vice)"
Alameda Police Department,2017,97,273,4,29,0,2,114,110,201,2,5,8,0,0,0,71,1,0,31,0,0,27,8,49,118,8,0,2,6,18,13
Alameda Police Department,2018,109,250,0,45,0,5,87,200,130,0,4,4,0,0,0,76,2,0,16,2,0,20,3,23,131,1,0,1,14,28,12
Alameda Police Department,2019,90,293,3,32,0,4,121,317,2,5,4,6,0,0,0,81,1,0,20,0,0,0,1,18,197,6,0,0,17,31,12
Alameda Police Department,2020,87,182,5,22,0,3,69,144,0,1,3,4,0,0,0,71,1,0,19,1,0,0,1,14,160,5,0,0,22,12,17
Alameda Police Department,2021,2,28,0,1,0,16,32,7,0,1,0,0,0,1,0,14,0,0,2,0,0,0,2,5,19,3,0,0,1,3,3
Alameda Police Department,2022,47,151,8,14,0,71,115,80,0,1,3,8,0,0,0,113,0,0,25,1,1,1,2,26,181,33,0,0,38,30,7
Albany Police Department,2017,10,45,1,22,0,1,59,77,31,3,4,5,0,0,0,93,1,0,11,0,0,0,0,10,17,5,0,0,11,12,0
Albany Police Department,2018,16,46,0,23,0,0,50,80,25,3,11,10,0,0,0,93,1,0,9,3,0,0,0,10,29,4,0,5,12,7,3
Albany Police Department,2019,18,43,1,10,0,2,35,63,7,1,1,5,0,0,0,67,0,0,4,0,0,0,3,4,26,8,0,0,13,12,3
Albany Police Department,2020,6,26,1,1,0,0,14,18,6,0,3,0,0,0,0,14,0,0,5,0,0,0,0,2,9,3,0,0,13,2,2
Albany Police Department,2021,4,11,1,1,0,4,28,5,0,0,1,1,0,0,0,8,0,0,1,0,0,0,0,2,7,2,0,0,2,5,0
Albany Police Department,2022,10,37,4,5,0,6,39,7,0,0,0,2,0,0,0,23,0,0,3,0,0,0,0,2,18,10,0,2,5,6,1
Alhambra Police Department,2017,91,268,2,88,0,2,70,252,58,4,10,16,0,0,0,85,2,1,39,3,0,0,3,26,105,20,0,0,28,41,12
Alhambra Police Department,2018,118,268,0,133,0,2,74,265,48,2,4,10,0,0,0,90,22,0,23,1,0,0,5,7,119,9,0,0,29,24,12
Alhambra Police Department,2019,122,292,2,162,0,0,73,299,62,2,5,11,0,0,0,147,0,0,25,3,1,1,1,26,111,2,0,0,28,31,12
Alhambra Police Department,2020,114,171,2,53,0,2,71,263,35,3,3,1,0,0,0,62,0,0,21,1,0,0,3,11,94,2,0,1,30,27,8
Alhambra Police Department,2021,73,388,0,22,0,77,102,240,0,1,6,96,0,0,0,101,4,0,17,1,0,1,1,25,175,18,0,1,24,33,4
Alhambra Police Department,2022,43,301,2,28,0,82,92,181,0,4,8,80,3,0,0,136,2,0,30,0,0,0,2,30,215,17,0,1,24,25,2
Anaheim Police Department,2017,822,2019,14,281,0,28,465,2262,403,10,40,44,0,0,0,436,65,1,113,13,0,34,35,152,824,272,0,6,211,222,97
Anaheim Police Department,2018,830,2380,9,280,0,3,571,2975,496,1,49,58,0,0,0,398,72,0,83,6,0,44,28,150,799,248,0,45,173,229,92
Anaheim Police Department,2019,737,2178,18,281,0,10,640,3028,501,7,35,29,3,0,0,336,56,1,58,15,0,48,23,155,775,176,0,17,191,214,113
Anaheim Police Department,2020,693,1495,14,185,0,13,442,2142,212,2,8,31,18,0,0,302,19,0,82,22,0,41,30,144,642,176,0,22,195,194,96
Anaheim Police Department,2021,257,684,1,30,0,103,195,300,0,1,10,32,0,4,0,55,7,0,38,1,0,22,5,44,43,63,0,4,41,65,0
Anaheim Police Department,2022,807,3232,12,129,2,415,688,1567,0,2,33,159,4,1,2,244,37,0,139,11,0,97,20,128,448,251,0,46,180,322,12
Antioch Police Department,2017,301,961,11,112,0,37,136,351,63,21,14,33,0,0,0,177,4,0,191,15,0,1,14,91,466,248,0,2,77,141,64
Antioch Police Department,2018,299,811,7,117,0,31,175,350,62,10,9,17,0,0,0,141,1,0,96,15,0,1,13,92,422,192,0,4,71,124,42
Antioch Police Department,2019,247,576,9,76,0,16,128,264,47,10,6,15,0,0,0,128,1,1,85,25,0,0,10,102,399,198,0,2,45,126,46
Antioch Police Department,2020,252,333,5,91,0,8,123,299,36,10,2,7,0,0,0,94,0,0,82,32,0,5,14,63,218,205,0,5,43,162,32
Antioch Police Department,2021,8,32,0,7,0,2,5,4,0,0,1,1,0,0,0,0,0,0,6,0,0,0,0,4,13,4,0,0,9,6,0
Antioch Police Department,2022,158,230,3,29,0,39,69,39,0,2,1,2,0,0,0,30,0,1,28,3,0,0,4,27,174,86,0,1,36,83,5
Arcadia Police Department,2017,53,221,1,121,1,1,74,227,75,1,10,19,0,0,0,198,3,1,29,1,0,0,2,14,49,24,0,4,7,13,9
Arcadia Police Department,2018,39,225,3,108,0,2,97,204,84,1,14,13,0,0,0,151,1,0,33,1,0,0,4,10,51,9,0,0,11,10,6
Arcadia Police Department,2019,67,250,2,93,0,0,88,170,99,1,15,11,0,0,0,129,2,0,31,1,0,0,1,12,44,18,0,1,7,12,2
Arcadia Police Department,2020,43,91,1,40,0,0,35,63,42,0,4,12,0,0,0,37,0,0,25,1,0,0,3,4,49,5,0,1,8,9,4
Arcadia Police Department,2021,28,239,3,31,0,74,53,38,0,1,2,21,0,0,0,77,0,1,18,0,1,1,1,9,39,10,0,0,17,11,2
Arcadia Police Department,2022,23,237,3,39,0,99,29,17,0,0,0,6,0,0,0,84,0,0,11,0,0,0,1,9,66,34,0,2,22,7,3
Arroyo Grande Police Department,2017,34,109,0,15,0,3,120,144,108,0,10,2,0,0,0,36,5,0,5,0,0,0,0,3,42,5,0,7,4,8,7
Arroyo Grande Police Department,2018,39,77,2,4,0,2,80,111,53,0,9,3,0,0,0,41,16,0,4,0,0,0,2,1,39,12,0,13,8,10,10
Arroyo Grande Police Department,2019,39,67,1,5,0,0,104,100,45,0,10,4,0,0,0,20,9,0,6,0,0,0,0,7,22,8,0,10,7,5,5
Arroyo Grande Police Department,2020,24,75,2,6,0,0,72,112,26,0,6,1,0,0,0,13,3,0,1,0,0,0,1,2,18,3,0,9,6,13,8
Arroyo Grande Police Department,2021,27,35,0,0,0,29,1,33,0,0,1,1,0,0,0,8,0,0,3,0,0,0,1,0,19,8,0,2,1,4,1
Arroyo Grande Police Department,2022,24,31,1,5,0,49,0,51,0,0,0,0,0,0,0,16,2,0,0,0,0,0,0,1,15,1,0,3,9,9,0
Atascadero Police Department,2017,67,440,0,8,0,4,95,192,94,0,2,2,0,0,0,40,1,0,5,0,0,0,2,14,49,10,0,6,16,4,6
Atascadero Police Department,2018,52,532,1,10,0,1,133,262,77,0,0,5,0,0,0,34,0,0,15,0,0,0,3,6,54,16,0,12,7,8,3
Atascadero Police Department,2019,41,353,0,9,0,2,132,224,71,1,0,6,0,0,0,28,1,0,18,0,0,0,1,6,47,9,0,11,8,13,4
Atascadero Police Department,2020,45,208,0,7,0,1,118,294,60,0,1,5,0,0,0,20,0,0,8,0,0,0,0,6,45,6,0,8,10,11,4
Atascadero Police Department,2021,13,69,1,1,0,40,114,126,0,0,1,1,0,0,0,15,0,0,3,0,0,0,0,3,23,0,0,4,0,13,1
Atascadero Police Department,2022,38,59,1,9,0,47,70,112,0,1,0,6,0,0,0,12,0,0,2,0,0,0,2,3,28,3,0,0,5,8,0
Auburn Police Department,2017,29,218,0,22,0,1,95,87,122,0,2,0,0,0,0,6,1,0,6,2,0,1,1,4,43,5,0,2,5,4,5
Auburn Police Department,2018,43,109,2,10,0,3,82,68,68,1,5,3,0,0,0,7,7,0,1,0,0,11,1,8,41,2,0,1,6,3,3
Auburn Police Department,2019,40,53,1,11,0,0,76,49,67,1,3,5,0,0,0,8,3,0,2,0,0,5,0,5,33,7,0,1,8,2,8
Auburn Police Department,2020,11,65,0,5,0,1,50,45,33,1,0,0,0,0,0,4,2,0,1,0,4,2,2,3,26,3,0,3,4,3,7
Auburn Police Department,2021,1,4,0,0,0,5,17,1,0,0,1,0,0,0,0,0,0,0,0,0,0,0,0,0,2,0,0,0,0,0,0
Auburn Police Department,2022,26,64,3,11,1,34,107,23,0,2,2,3,0,0,0,7,3,0,0,0,1,0,5,2,63,1,0,0,16,10,2
Baldwin Park Police Department,2017,151,447,3,87,0,3,78,417,66,4,8,7,0,0,0,40,0,1,50,1,1,0,3,20,104,13,0,16,43,48,7
Baldwin Park Police Department,2018,127,486,0,114,0,3,90,403,73,1,2,6,0,0,0,50,6,0,42,1,0,0,5,15,121,17,0,45,33,54,16
Baldwin Park Police Department,2019,101,387,1,85,0,0,119,331,66,0,4,0,1,0,0,35,0,1,45,0,1,0,3,18,85,12,0,1,20,47,12
Baldwin Park Police Department,2020,99,184,1,49,0,0,65,135,43,0,3,2,1,0,0,8,1,0,27,1,1,0,1,22,72,4,0,0,23,21,9
Baldwin Park Police Department,2021,60,179,4,17,0,20,53,38,0,0,2,4,0,0,0,48,0,0,6,1,0,0,2,13,62,2,0,2,34,20,2
Baldwin Park Police Department,2022,107,272,7,19,0,34,91,57,0,2,1,6,10,0,0,17,0,0,20,1,2,0,5,24,71,18,0,0,43,65,2
Beaumont Police Department,2017,91,520,1,29,0,5,62,241,26,0,8,5,0,0,0,33,0,0,2,1,1,0,2,13,65,48,0,8,20,28,7
Beaumont Police Department,2018,60,446,0,36,0,1,44,238,30,2,4,4,0,0,0,31,0,0,1,0,0,0,2,10,64,30,0,3,14,19,2
Beaumont Police Department,2019,44,256,1,40,0,0,39,172,23,1,6,5,0,0,0,28,0,0,5,0,5,0,1,6,57,23,0,1,10,15,4
Beaumont Police Department,2020,56,219,0,33,0,1,38,177,10,0,5,1,0,0,0,13,0,0,3,0,1,0,0,2,40,28,0,0,12,17,4
Beaumont Police Department,2021,79,179,2,15,0,8,53,156,0,0,7,6,0,0,0,38,0,0,6,0,0,0,2,7,32,35,0,0,14,29,0
Beaumont Police Department,2022,67,115,0,11,0,9,55,84,0,0,4,4,0,0,0,43,0,0,3,1,0,0,0,7,29,28,0,1,11,29,3
Belmont Police Department,2017,19,36,1,12,0,1,37,31,39,0,0,0,0,0,0,9,3,0,1,1,0,0,0,3,19,3,0,0,2,3,0
Belmont Police Department,2018,20,44,0,16,0,0,32,36,39,0,0,0,0,0,0,5,0,0,0,0,0,1,0,4,18,3,0,1,2,4,3
Belmont Police Department,2019,15,36,0,8,0,0,25,59,35,0,0,0,0,0,0,11,0,0,5,0,0,1,1,2,16,2,0,2,1,9,2
Belmont Police Department,2020,18,23,0,12,0,0,16,83,23,0,1,0,0,0,0,17,1,0,3,0,0,0,2,4,10,5,0,0,5,1,5
Belmont Police Department,2021,1,40,0,5,0,17,26,11,0,0,0,2,0,0,0,13,0,0,0,0,0,3,0,0,8,2,0,0,4,3,0
Belmont Police Department,2022,6,71,1,4,0,42,44,31,0,0,1,9,0,0,0,30,0,0,1,0,0,1,1,1,24,11,0,0,3,5,0
Brea Police Department,2017,65,185,0,137,0,5,176,483,27,1,34,16,0,0,0,67,12,0,25,4,0,0,1,28,75,62,0,1,19,30,9
Brea Police Department,2018,35,137,1,136,0,11,195,572,23,0,27,31,0,0,0,69,5,0,9,0,0,0,0,3,74,55,0,0,22,37,8
Brea Police Department,2019,24,107,2,201,0,4,156,468,17,4,2,35,0,0,0,89,10,0,14,0,0,0,0,5,86,46,0,1,20,38,7
Brea Police Department,2020,28,82,3,125,0,0,116,430,11,1,2,11,0,0,0,82,1,0,12,0,0,0,1,0,47,27,0,2,18,21,4
Brea Police Department,2021,37,170,1,9,0,2,114,204,0,2,16,44,0,0,0,143,5,0,11,0,0,0,0,8,54,26,0,1,19,20,0
Brea Police Department,2022,30,132,1,21,0,14,105,110,0,5,6,26,0,0,0,236,1,0,12,0,0,0,1,9,53,20,0,1,14,20,0
Burbank Police Department,2017,169,857,3,39,13,14,209,1170,0,5,49,57,0,0,0,395,34,1,31,0,0,26,2,48,221,19,0,2,68,68,18
Burbank Police Department,2018,170,679,5,42,3,15,227,1337,0,2,52,70,0,0,0,405,21,0,14,0,0,4,3,44,238,36,0,0,40,71,17
Burbank Police Department,2019,173,534,3,78,5,7,218,1254,0,4,89,58,0,0,0,378,10,0,28,3,0,2,2,27,240,24,0,2,40,50,23
Burbank Police Department,2020,153,309,3,91,2,2,182,987,0,1,125,39,0,0,0,284,7,0,35,0,1,9,3,44,148,46,0,3,66,36,13
Burbank Police Department,2021,11,69,0,3,0,18,21,26,0,0,1,16,0,0,0,39,0,0,1,0,0,0,0,3,18,9,0,0,10,6,0
Burbank Police Department,2022,140,1569,15,92,2,255,267,521,0,2,59,175,0,0,0,509,3,0,24,0,0,0,4,52,195,79,0,0,117,131,5
CA Highway Patrol - Sacramento,2017,20,356,0,0,0,0,1607,479,26,0,0,4,0,0,0,0,0,0,59,0,0,0,0,0,5,2,0,0,4,1,1
CA Highway Patrol - Sacramento,2018,25,228,2,0,0,0,2208,505,21,1,1,1,0,0,0,0,0,1,46,0,0,0,1,1,22,4,0,1,4,0,7
CA Highway Patrol - Sacramento,2019,37,269,0,10,0,1,2829,628,49,0,1,92,0,0,0,20,2,6,32,2,1,3,0,0,69,9,0,2,22,22,7
CA Highway Patrol - Sacramento,2020,47,353,7,2,0,16,2027,150,20,3,2,56,0,0,0,8,2,4,10,1,1,0,0,1,62,3,0,1,28,38,2
CA Highway Patrol - Sacramento,2021,0,2,0,0,0,0,26,0,0,0,0,0,0,0,0,0,0,0,0,0,0,0,0,0,0,0,0,0,0,0,0
CA Highway Patrol - Sacramento,2022,0,26,0,0,0,0,831,10,0,0,0,0,0,0,0,1,1,0,2,0,0,0,0,1,0,0,0,0,2,2,0
CSU Long Beach Police Department,2017,0,11,0,1,0,2,4,12,3,0,0,1,0,0,0,9,0,0,1,0,0,0,0,0,10,1,0,0,1,3,0
CSU Long Beach Police Department,2018,2,6,0,0,0,4,1,14,4,0,1,0,0,0,0,2,0,0,0,0,0,0,0,2,5,0,0,0,0,1,1
CSU Long Beach Police Department,2019,2,8,0,2,0,5,9,8,3,0,0,0,0,0,0,4,1,0,0,0,0,0,0,0,4,0,0,0,1,1,0
CSU Long Beach Police Department,2020,0,8,1,1,0,0,3,2,0,0,0,0,0,0,0,1,0,0,3,0,0,0,0,1,1,2,0,0,0,1,0
CSU Long Beach Police Department,2021,0,6,0,0,0,0,2,3,0,1,0,0,0,0,0,1,0,0,0,0,0,0,0,0,2,1,0,0,0,2,0
CSU Long Beach Police Department,2022,1,17,0,1,0,3,4,6,0,0,0,5,0,0,0,1,1,0,1,0,0,0,0,0,2,4,0,0,4,9,1
CSU Monterey Bay Police Department,2017,4,13,0,0,0,0,16,12,1,0,0,0,0,0,0,1,2,0,0,0,0,0,0,0,3,2,0,0,6,3,0
CSU Monterey Bay Police Department,2018,8,11,0,1,0,0,6,13,0,0,2,1,0,0,0,0,1,0,0,0,0,0,2,0,5,1,0,0,0,3,0
CSU Monterey Bay Police Department,2019,4,18,0,1,0,0,11,19,1,0,1,2,0,0,0,1,1,0,0,0,0,0,0,1,7,0,0,0,0,3,0
CSU Monterey Bay Police Department,2020,5,25,0,1,0,0,6,25,1,0,0,3,0,0,0,2,3,0,0,0,0,0,0,0,4,0,0,0,0,7,3
CSU Monterey Bay Police Department,2021,0,12,0,1,0,1,5,2,0,0,0,5,0,0,0,0,0,0,0,0,0,0,0,1,3,2,0,0,1,4,0
CSU Monterey Bay Police Department,2022,1,13,0,2,0,1,11,5,0,0,0,2,0,0,0,2,0,0,0,0,0,0,0,0,7,0,0,0,1,3,0
CSU San Marcos Police Department,2017,0,6,1,0,0,0,14,14,15,0,2,0,0,0,0,0,4,0,0,0,0,0,0,0,8,0,0,0,2,0,1
CSU San Marcos Police Department,2018,1,7,0,2,0,0,16,15,4,0,1,0,0,0,0,0,3,0,0,0,0,0,0,1,1,0,0,0,0,1,1
CSU San Marcos Police Department,2019,0,9,0,0,0,0,24,28,7,0,0,0,0,0,0,0,2,0,0,0,0,0,0,1,2,0,0,0,0,1,1
CSU San Marcos Police Department,2020,0,5,0,0,0,0,12,21,5,0,1,0,0,0,0,0,2,0,0,0,0,0,0,0,2,0,0,0,1,3,0
CSU San Marcos Police Department,2021,0,6,0,1,0,1,3,3,0,0,0,0,0,0,0,0,1,0,0,0,0,0,0,0,1,0,0,0,0,4,0
CSU San Marcos Police Department,2022,0,9,0,0,0,2,16,5,0,0,1,3,0,0,0,0,2,0,0,0,0,0,0,0,2,0,0,0,1,1,0
Cal Poly San Luis Obispo Police Department,2017,1,2,0,1,0,1,4,5,58,0,0,0,0,0,0,1,45,0,1,0,0,0,0,0,3,4,0,0,0,1,1
Cal Poly San Luis Obispo Police Department,2018,3,13,1,0,0,2,6,12,45,0,0,0,0,0,0,0,42,0,0,0,0,0,0,0,6,1,0,0,0,2,1
Cal Poly San Luis Obispo Police Department,2019,2,5,0,2,0,1,9,12,42,0,0,1,0,0,0,0,20,0,1,0,0,0,0,0,5,0,0,0,0,3,1
Cal Poly San Luis Obispo Police Department,2020,1,9,0,0,0,4,0,15,19,0,0,1,0,0,0,2,3,0,1,0,0,0,0,0,2,1,0,1,0,2,0
Cal Poly San Luis Obispo Police Department,2021,1,3,0,1,0,8,4,5,0,0,0,0,0,0,0,0,2,0,0,0,0,0,0,0,0,1,0,0,0,0,0
Cal Poly San Luis Obispo Police Department,2022,1,7,0,0,0,4,3,5,0,0,0,0,0,0,0,1,2,0,1,0,0,0,0,0,0,1,0,0,0,1,0
Calaveras County Sheriff's Department,2017,150,368,3,10,0,7,5,169,0,1,5,1,4,0,0,14,9,0,8,1,3,0,4,11,190,9,0,0,21,28,18
Calaveras County Sheriff's Department,2018,112,331,0,28,0,7,4,142,0,0,2,3,0,0,0,9,7,0,4,1,1,0,1,11,142,3,0,0,20,22,9
Calaveras County Sheriff's Department,2019,114,331,1,16,0,4,0,146,0,0,1,7,0,0,0,7,0,0,4,0,1,0,4,5,110,9,0,1,21,17,12
Calaveras County Sheriff's Department,2020,114,283,0,20,4,9,4,147,0,0,4,2,0,0,0,8,5,0,2,1,2,0,2,1,97,8,0,0,15,14,10
Calaveras County Sheriff's Department,2021,4,11,0,0,0,1,0,7,0,0,0,1,0,0,0,0,0,0,0,0,0,0,0,0,16,1,0,0,2,2,0
Calaveras County Sheriff's Department,2022,73,236,0,8,0,23,2,77,0,0,1,13,0,0,0,9,2,0,2,0,0,0,5,3,121,6,0,0,14,45,5
Carlsbad Police Department,2017,179,128,13,57,0,1,358,303,265,3,4,5,0,0,0,162,11,0,27,0,0,4,1,15,165,22,0,1,20,30,30
Carlsbad Police Department,2018,164,189,3,43,1,0,256,413,299,3,7,6,0,0,0,162,6,0,42,0,0,2,2,24,132,69,0,0,13,21,7
Carlsbad Police Department,2019,137,187,9,41,0,4,292,320,288,8,13,7,0,0,0,141,9,0,32,5,0,1,1,21,113,70,0,1,14,22,14
Carlsbad Police Department,2020,187,118,2,32,0,2,283,535,268,5,8,4,0,0,0,80,3,0,34,6,0,0,4,13,108,67,0,5,13,20,4
Carlsbad Police Department,2021,22,1354,3,32,0,637,1134,254,0,0,6,25,0,0,0,57,18,0,7,0,0,2,0,5,91,31,0,4,2,19,2
Carlsbad Police Department,2022,57,507,4,34,0,536,780,352,0,2,6,20,0,0,0,124,15,0,16,0,0,0,3,27,203,94,0,0,20,32,10
Carmel Police Department,2017,5,31,0,8,0,1,33,40,17,0,1,3,0,0,0,1,4,0,0,0,0,0,1,0,5,2,0,0,0,5,0
Carmel Police Department,2018,6,22,0,2,0,0,35,66,8,0,0,1,0,0,0,2,5,0,0,0,0,0,0,0,12,1,0,0,0,3,2
Carmel Police Department,2019,11,15,0,10,0,0,61,33,13,0,1,2,0,0,0,8,4,0,0,0,0,0,0,0,14,0,0,2,3,0,1
Carmel Police Department,2020,1,27,0,8,0,1,30,44,4,0,0,4,0,0,0,4,0,0,2,0,0,0,0,4,17,1,0,5,1,5,1
Carmel Police Department,2021,6,14,0,2,0,9,31,16,0,0,1,13,0,0,0,2,0,0,0,0,0,0,0,2,6,2,0,0,2,6,0
Carmel Police Department,2022,2,17,0,7,0,9,35,27,0,0,0,5,0,0,0,7,2,0,0,0,0,0,0,0,6,4,0,0,2,5,1
Chino Police Department,2017,232,749,1,141,0,15,258,853,110,4,23,34,0,0,0,105,15,0,33,1,0,4,12,43,155,47,0,4,33,63,36
Chino Police Department,2018,228,671,2,156,0,10,217,743,85,7,20,31,0,0,0,144,6,1,69,0,1,0,11,44,151,81,0,11,37,46,38
Chino Police Department,2019,264,623,4,181,5,4,187,868,88,5,41,32,0,0,0,237,13,1,52,3,0,3,14,70,179,90,0,5,31,61,26
Chino Police Department,2020,260,462,5,131,0,3,178,893,53,5,13,30,0,0,0,139,0,0,60,5,2,0,11,35,218,99,0,9,47,69,32
Chino Police Department,2021,225,797,1,33,0,49,208,457,0,1,27,61,0,0,0,171,17,0,21,1,0,0,13,28,156,135,0,14,32,48,4
Chino Police Department,2022,181,1114,3,57,0,47,257,578,0,5,33,92,3,0,0,293,4,1,21,0,1,0,11,29,228,164,0,20,44,87,13
Chula Vista Police Department,2017,497,550,8,105,6,5,341,1061,203,3,13,29,2,0,0,359,33,1,61,1,0,14,11,105,419,42,0,1,70,143,35
Chula Vista Police Department,2018,563,585,5,90,0,5,399,1295,172,3,7,35,0,0,0,216,13,0,42,8,0,9,4,85,396,42,0,1,68,146,24
Chula Vista Police Department,2019,528,590,11,69,8,7,300,1180,171,7,4,22,0,0,0,204,118,0,41,3,0,2,7,110,392,38,0,0,105,123,21
Chula Vista Police Department,2020,510,378,11,81,10,4,241,856,80,1,6,17,0,0,0,149,9,0,62,5,0,12,1,86,281,51,0,0,86,88,18
Chula Vista Police Department,2021,109,2182,3,24,28,104,331,461,0,0,7,8,0,0,0,64,31,0,16,7,0,12,5,27,212,39,0,0,42,88,5
Chula Vista Police Department,2022,229,1096,14,42,0,125,328,448,0,0,15,10,0,0,0,93,48,0,23,5,0,18,1,96,570,63,0,2,76,99,7
Clayton Police Department,2017,7,16,0,8,0,0,15,22,6,0,1,0,0,0,0,5,0,0,2,0,0,0,0,1,6,3,0,0,0,1,0
Clayton Police Department,2018,7,5,0,4,0,0,20,39,3,0,1,1,0,0,0,13,1,0,1,0,0,0,0,1,17,3,0,0,2,8,0
Clayton Police Department,2019,0,7,0,15,0,0,23,30,3,0,0,2,0,0,0,6,1,0,4,0,0,0,0,0,4,4,0,0,0,2,0
Clayton Police Department,2020,3,3,0,1,0,0,7,12,1,0,0,0,0,0,0,2,0,1,3,0,0,0,0,1,5,2,0,0,1,3,2
Clayton Police Department,2021,1,6,0,0,0,0,9,0,0,0,0,0,0,0,0,0,0,0,0,0,0,0,0,0,0,0,0,0,0,0,0
Clayton Police Department,2022,2,16,1,0,0,0,3,2,0,0,0,1,0,0,0,1,0,0,1,0,0,0,0,0,3,2,0,0,0,0,0
Colton Police Department,2017,122,1113,1,64,0,7,137,400,97,1,2,11,0,0,0,37,0,1,19,7,6,1,0,24,85,40,0,2,30,55,18
Colton Police Department,2018,80,1085,5,47,0,5,141,589,28,0,1,11,0,0,0,48,1,0,29,9,8,0,0,22,108,34,0,29,36,44,10
Colton Police Department,2019,91,772,1,52,0,5,120,443,87,0,5,8,0,0,0,23,0,0,22,1,3,0,0,24,88,26,0,5,27,47,14
Colton Police Department,2020,71,495,2,30,0,2,73,431,27,1,0,2,0,0,0,28,0,0,30,3,1,0,3,21,94,19,0,4,46,49,10
Colton Police Department,2021,33,276,1,19,0,18,76,220,0,0,1,6,3,0,0,27,1,0,15,3,0,0,1,9,85,41,0,2,44,42,3
Colton Police Department,2022,45,264,2,11,0,55,87,130,0,1,0,6,0,0,0,27,0,0,15,4,0,0,1,7,86,21,0,2,31,25,1
Concord Police Department,2017,220,392,5,95,0,7,213,846,227,1,8,34,0,0,0,155,4,0,95,4,0,15,7,58,299,58,0,5,29,79,22
Concord Police Department,2018,214,723,9,91,0,4,225,676,222,8,5,18,0,0,0,122,3,0,48,3,0,5,4,69,279,40,0,3,31,75,17
Concord Police Department,2019,210,932,9,108,0,7,247,666,188,8,5,11,0,0,0,123,0,0,86,3,0,2,5,66,274,62,0,3,35,58,29
Concord Police Department,2020,170,314,12,47,0,2,180,398,60,2,5,8,0,0,0,69,1,0,39,2,0,2,2,43,211,54,0,6,33,54,14
Concord Police Department,2021,149,769,15,38,0,10,182,397,0,2,4,13,0,0,0,64,1,0,55,3,0,0,3,28,182,43,0,4,35,77,4
Concord Police Department,2022,187,807,21,30,0,12,289,484,0,5,3,28,0,0,0,60,0,1,26,3,0,0,7,38,255,57,0,5,51,67,7
Corcoran Police Department,2017,55,233,0,10,17,7,41,145,42,0,0,3,0,0,0,5,1,0,8,1,0,0,3,5,45,2,0,0,12,17,3
Corcoran Police Department,2018,67,365,1,22,20,8,50,106,45,0,1,0,0,0,0,9,0,0,10,0,2,0,2,5,39,10,0,0,4,18,5
Corcoran Police Department,2019,52,282,0,12,25,5,66,120,53,0,2,2,0,0,0,8,1,0,2,0,0,0,5,1,32,6,0,0,7,13,6
Corcoran Police Department,2020,71,198,1,15,4,2,58,78,27,0,1,3,0,0,0,3,0,0,9,2,0,0,4,2,18,13,0,0,9,24,4
Corcoran Police Department,2021,14,90,0,0,0,25,32,6,0,0,0,0,0,0,0,2,0,0,1,0,0,0,3,1,14,1,0,0,1,3,0
Corcoran Police Department,2022,33,282,0,7,0,41,37,30,0,1,3,3,0,0,0,7,1,1,7,5,1,0,3,4,31,4,0,0,5,28,9
Corning Police Department,2017,14,36,1,3,2,1,35,124,34,0,0,0,1,0,0,5,0,0,5,0,0,0,1,4,16,20,0,0,6,22,3
Corning Police Department,2018,14,36,0,2,1,0,37,207,52,1,2,0,0,0,0,3,1,0,3,1,0,0,2,0,25,17,0,3,1,12,3
Corning Police Department,2019,12,53,0,5,0,1,40,284,52,0,2,1,0,0,0,15,1,0,1,0,0,0,0,4,46,31,0,1,7,15,5
Corning Police Department,2020,12,34,2,4,1,0,25,162,39,1,0,1,0,0,0,3,1,0,0,0,2,0,0,0,27,16,0,0,0,4,1
Corning Police Department,2021,2,77,0,0,0,20,13,34,0,0,0,1,0,0,0,3,0,0,0,0,0,0,1,0,4,10,0,2,2,5,0
Corning Police Department,2022,13,94,1,4,0,39,18,69,0,0,3,8,0,0,0,3,0,0,0,0,0,0,1,0,12,16,0,0,6,18,4
Coronado Police Department,2017,34,51,1,7,0,0,68,44,39,0,3,0,0,0,0,40,5,0,2,0,0,0,1,6,7,5,0,1,5,2,1
Coronado Police Department,2018,24,41,0,9,0,0,73,66,36,0,0,1,0,0,0,20,1,0,7,0,0,0,0,2,21,8,0,0,2,7,0
Coronado Police Department,2019,24,35,0,18,0,1,73,71,59,1,2,0,0,0,0,23,2,0,4,0,0,1,2,3,22,0,0,0,2,3,1
Coronado Police Department,2020,22,32,0,9,0,0,47,77,38,0,2,4,0,0,0,23,1,0,2,0,0,0,0,5,16,8,0,1,5,5,1
Coronado Police Department,2021,6,15,1,3,0,20,39,6,0,0,0,2,0,0,0,2,8,0,1,0,0,0,0,2,13,9,0,0,0,3,0
Coronado Police Department,2022,14,53,0,6,2,36,165,26,0,1,2,17,0,0,0,18,8,0,3,0,0,0,0,4,28,18,0,0,6,23,1
Covina Police Department,2017,106,160,1,138,0,2,156,587,325,1,10,26,1,0,0,104,1,0,57,3,0,0,5,26,118,29,0,0,40,22,15
Covina Police Department,2018,101,161,0,124,0,2,188,761,420,1,5,41,0,0,0,74,2,0,37,2,2,0,3,36,143,21,0,3,42,37,14
Covina Police Department,2019,96,336,2,162,0,15,116,860,287,0,9,34,0,0,0,86,1,0,32,1,0,0,4,29,176,23,0,7,44,36,12
Covina Police Department,2020,68,281,3,93,0,0,88,975,19,0,6,32,0,0,0,56,0,0,39,5,2,1,0,21,122,20,0,1,42,68,10
Covina Police Department,2021,36,338,0,24,0,190,95,223,0,0,1,15,15,0,0,30,0,0,37,3,0,0,1,16,58,25,0,0,20,25,5
Covina Police Department,2022,73,615,4,36,0,440,150,456,0,5,12,37,1,0,0,40,5,0,38,6,0,0,1,19,133,49,0,0,47,61,5
Culver City Police Department,2017,70,194,2,92,0,2,70,346,19,0,18,8,0,0,0,538,2,0,44,0,0,0,1,114,86,3,0,0,16,44,14
Culver City Police Department,2018,70,206,0,78,0,9,123,430,22,1,9,9,0,0,0,459,0,0,24,0,1,2,0,62,87,18,0,1,19,57,17
Culver City Police Department,2019,78,151,1,85,0,2,136,524,51,2,45,11,0,0,0,563,1,0,24,0,4,0,0,83,91,15,0,2,22,64,14
Culver City Police Department,2020,66,82,5,112,2,5,60,256,20,2,16,5,0,0,0,233,0,0,37,1,0,0,1,53,64,6,0,0,12,64,9
Culver City Police Department,2021,58,151,3,32,0,17,129,40,0,7,5,24,0,0,0,122,1,0,19,0,0,0,1,22,59,11,0,0,28,41,2
Culver City Police Department,2022,73,297,4,53,0,25,180,147,0,3,6,33,0,0,0,286,0,0,22,0,1,0,3,48,81,12,0,0,50,46,2
Davis Police Department,2017,46,184,1,41,0,7,85,199,142,1,2,2,0,0,0,24,13,0,20,1,1,0,3,8,66,12,0,6,10,24,15
Davis Police Department,2018,36,159,3,45,0,1,64,167,135,2,0,1,0,0,0,32,2,0,10,1,0,0,1,13,54,3,0,9,8,17,7
Davis Police Department,2019,56,205,0,35,0,0,60,205,115,0,0,3,0,0,0,27,2,0,8,0,0,0,0,12,32,7,0,6,11,9,5
Davis Police Department,2020,53,163,2,35,0,2,40,92,62,0,0,2,0,0,0,29,0,0,19,0,0,0,2,9,69,13,0,10,16,6,2
Davis Police Department,2021,4,51,0,1,0,9,14,5,0,0,0,0,0,0,0,3,0,0,1,0,0,0,0,1,15,0,0,0,5,3,0
Davis Police Department,2022,39,257,1,13,0,70,81,55,0,0,3,13,0,0,0,38,0,0,5,0,0,0,0,12,69,5,0,5,23,17,2
Del Rey Oaks Police Department,2017,1,4,0,0,0,0,2,1,1,0,0,0,0,0,0,1,0,0,0,0,0,0,0,3,0,0,0,0,1,0,0
Del Rey Oaks Police Department,2018,1,3,0,3,0,0,3,3,0,1,0,0,0,0,0,7,0,0,0,0,0,0,0,0,4,0,0,0,2,0,0
Del Rey Oaks Police Department,2019,0,3,0,2,0,0,1,5,1,0,0,0,0,0,0,4,0,0,0,0,0,0,0,4,3,0,0,0,1,0,0
Del Rey Oaks Police Department,2020,0,3,0,1,0,0,3,3,0,0,0,0,0,0,0,4,0,0,1,0,0,0,0,1,6,0,0,0,0,0,0
Del Rey Oaks Police Department,2021,1,0,0,1,0,2,2,1,0,0,0,1,0,0,0,4,0,0,1,0,0,0,0,0,0,1,0,0,0,0,0
Del Rey Oaks Police Department,2022,1,8,0,0,0,1,1,1,0,0,0,0,0,0,0,14,0,0,0,0,0,0,0,0,1,0,0,0,0,1,0
Delano Police Department,2017,89,354,0,51,0,5,49,179,37,0,6,8,0,0,0,13,6,1,9,1,0,3,0,18,128,44,0,0,22,40,7
Delano Police Department,2018,97,458,3,45,0,5,31,236,45,0,3,3,1,0,0,9,1,0,36,6,1,3,0,17,118,21,0,2,10,46,7
Delano Police Department,2019,77,734,3,35,0,7,37,226,34,0,5,5,0,0,0,9,1,1,19,3,2,0,1,11,140,16,0,0,27,32,15
Delano Police Department,2020,45,685,7,23,0,1,28,178,18,0,2,4,0,0,0,6,2,0,10,2,1,0,3,7,73,8,0,2,10,15,9
Delano Police Department,2021,3,65,0,0,0,2,6,7,0,0,0,0,0,0,0,1,0,0,1,0,0,0,2,0,8,1,0,0,0,5,0
Delano Police Department,2022,23,378,3,5,0,47,46,67,0,0,3,6,0,0,0,17,6,0,9,0,0,0,3,8,86,12,0,0,17,40,2
Dinuba Police Department,2017,79,511,1,32,2,4,215,269,29,0,2,5,0,0,0,32,1,0,5,0,2,0,1,10,119,20,0,0,28,27,11
Dinuba Police Department,2018,95,408,0,49,1,2,125,200,28,1,2,9,0,0,0,36,1,1,4,0,0,0,4,25,113,26,0,0,22,16,9
Dinuba Police Department,2019,103,315,2,36,0,0,117,161,35,0,1,0,0,0,0,31,3,0,7,1,0,0,2,17,126,8,0,0,24,17,12
Dinuba Police Department,2020,97,250,2,16,0,0,81,112,30,0,1,4,0,0,0,21,0,0,2,1,0,0,2,13,76,8,0,0,10,14,12
Dinuba Police Department,2021,51,112,1,2,0,29,65,75,0,0,2,5,0,0,0,13,0,0,7,1,0,0,0,3,121,6,0,0,7,18,2
Dinuba Police Department,2022,44,116,2,4,0,44,121,88,0,0,3,6,0,0,0,47,0,0,0,1,1,0,1,9,139,16,0,0,21,27,4
Dixon Police Department,2017,36,81,1,27,0,1,35,73,23,0,0,3,0,0,0,4,2,0,1,0,0,0,1,0,60,10,0,0,5,11,4
Dixon Police Department,2018,33,193,0,46,0,0,68,89,21,1,1,2,0,0,0,11,0,0,1,0,0,0,2,2,58,9,0,2,2,7,8
Dixon Police Department,2019,36,140,1,18,0,2,54,68,23,1,2,3,0,0,0,6,0,0,4,0,0,0,2,4,29,9,0,6,6,5,4
Dixon Police Department,2020,45,111,0,20,0,0,48,131,15,0,5,10,0,0,0,13,1,0,4,0,0,0,0,5,49,17,0,1,11,22,2
Dixon Police Department,2021,27,111,0,7,0,18,45,91,0,2,0,2,0,0,0,26,0,0,1,0,0,0,3,2,44,13,0,2,12,19,1
Dixon Police Department,2022,36,34,2,5,0,16,42,57,0,0,5,4,0,0,0,21,0,0,1,0,0,0,3,3,62,12,0,0,14,15,2
El Cajon Police Department,2017,248,692,3,74,0,9,138,666,281,4,4,9,0,0,0,268,4,1,77,0,0,1,1,48,219,18,0,994,39,52,21
El Cajon Police Department,2018,311,939,5,64,1,8,113,909,323,4,0,12,0,0,0,252,8,0,82,4,0,0,5,71,233,38,0,777,55,73,24
El Cajon Police Department,2019,340,913,5,69,1,4,173,1134,397,4,14,5,0,0,0,328,2,0,51,2,0,1,0,65,194,33,0,452,60,87,16
El Cajon Police Department,2020,405,580,15,51,0,3,160,1469,476,2,1,12,0,0,0,239,1,0,48,0,0,0,2,41,191,22,0,163,51,98,23
El Cajon Police Department,2021,69,1612,4,17,0,353,127,565,0,0,10,20,0,0,0,52,4,0,13,1,0,0,1,15,131,23,0,110,24,69,1
El Cajon Police Department,2022,150,1008,6,45,0,338,140,557,0,0,7,25,0,0,0,81,0,0,19,0,0,1,2,42,333,77,0,211,65,91,4
El Cerrito Police Department,2017,43,182,1,183,0,1,75,147,43,0,5,13,0,0,0,14,2,0,30,1,0,0,1,29,61,11,0,1,5,17,4
El Cerrito Police Department,2018,25,100,4,162,0,0,83,108,49,0,1,9,0,0,0,15,0,0,21,0,1,1,1,24,65,5,0,0,13,12,3
El Cerrito Police Department,2019,25,87,0,51,0,1,88,41,29,0,1,2,0,0,0,22,0,0,5,1,2,2,1,15,40,11,0,1,8,6,4
El Cerrito Police Department,2020,22,42,3,32,0,1,37,30,14,4,2,3,0,0,0,14,0,0,9,0,0,0,0,15,27,5,0,1,11,2,2
El Cerrito Police Department,2021,11,27,1,2,0,0,18,10,0,0,0,3,0,0,0,32,0,0,1,0,0,0,0,3,16,6,0,1,2,3,0
El Cerrito Police Department,2022,17,58,2,5,0,0,17,13,0,0,1,3,0,0,0,38,0,0,2,0,1,0,0,9,26,1,0,1,18,4,0
El Dorado County Sheriff's Department,2017,306,836,2,89,0,5,71,906,51,1,25,31,0,0,0,110,23,0,22,6,0,14,7,18,368,41,0,14,63,86,31
El Dorado County Sheriff's Department,2018,266,878,3,63,0,23,61,674,48,5,17,34,0,0,0,104,40,0,26,4,0,5,2,15,360,33,0,13,47,75,25
El Dorado County Sheriff's Department,2019,293,824,2,77,0,14,61,603,41,2,10,30,0,0,0,94,12,1,25,8,1,1,5,16,266,32,0,3,39,51,18
El Dorado County Sheriff's Department,2020,315,662,3,73,0,6,100,744,58,1,11,19,0,0,0,72,12,1,26,3,1,0,6,22,290,31,0,5,47,77,28
El Dorado County Sheriff's Department,2021,92,395,2,21,0,53,31,310,0,1,7,24,0,0,0,35,4,0,13,0,0,0,4,6,259,17,0,0,31,54,3
El Dorado County Sheriff's Department,2022,86,725,0,21,0,150,28,312,0,2,7,39,0,0,0,51,9,0,4,1,0,0,9,15,400,28,0,2,42,66,8
El Monte Police Department,2017,306,389,4,140,0,0,186,746,178,4,13,17,1,0,0,93,4,0,157,5,0,2,12,77,204,39,0,1,53,53,41
El Monte Police Department,2018,310,541,6,127,0,1,212,789,231,4,8,14,2,0,0,88,5,0,151,2,0,7,13,62,216,41,0,1,66,82,31
El Monte Police Department,2019,345,534,4,103,0,1,233,759,235,1,8,25,1,0,0,112,2,0,125,5,0,17,12,69,213,52,0,3,68,56,33
El Monte Police Department,2020,270,273,3,80,0,4,130,333,85,1,3,10,1,0,0,38,0,1,98,13,8,0,13,79,191,25,0,0,43,81,35
El Monte Police Department,2021,129,311,3,37,0,14,68,203,0,2,7,10,8,0,0,35,0,0,52,5,0,0,9,32,201,47,0,4,42,47,8
El Monte Police Department,2022,151,609,5,55,2,192,115,194,0,4,7,34,5,0,0,68,0,0,58,0,0,0,6,37,229,37,0,4,49,69,12
El Segundo Police Department,2017,49,126,0,63,0,0,71,72,80,0,4,5,0,0,0,68,7,0,38,0,0,1,0,10,12,5,0,0,10,14,3
El Segundo Police Department,2018,53,142,0,52,0,3,116,82,50,1,0,1,0,0,0,64,10,0,13,0,0,5,1,15,22,6,0,0,5,6,6
El Segundo Police Department,2019,31,121,1,59,0,0,90,86,82,1,0,4,0,0,0,41,0,0,13,0,0,3,0,12,25,11,0,1,7,15,1
El Segundo Police Department,2020,37,86,0,39,0,0,64,92,37,0,2,4,0,0,0,111,0,0,67,0,0,0,3,18,25,13,0,1,9,13,3
El Segundo Police Department,2021,27,95,1,25,0,0,94,41,0,0,0,15,0,0,0,46,0,0,41,0,0,0,0,13,18,14,0,0,13,11,0
El Segundo Police Department,2022,29,95,0,47,0,62,90,35,0,0,1,27,0,0,0,51,2,0,20,0,0,0,1,14,21,11,0,0,7,9,0
Elk Grove Police Department,2017,201,309,0,41,0,2,203,331,6,1,8,23,0,0,0,168,0,0,15,1,0,2,3,34,159,35,0,0,22,52,10
Elk Grove Police Department,2018,210,389,2,36,0,1,185,349,9,4,10,23,0,0,0,153,12,0,18,1,0,3,8,40,156,32,0,0,22,47,20
Elk Grove Police Department,2019,219,451,7,52,3,1,169,441,5,5,17,33,0,0,0,138,11,0,17,0,0,2,5,44,192,41,0,1,33,51,15
Elk Grove Police Department,2020,195,318,5,43,0,8,122,251,0,0,13,9,0,0,0,42,0,0,16,2,0,0,3,38,117,28,0,0,25,51,15
Elk Grove Police Department,2021,23,27,1,8,0,2,21,5,0,0,1,1,0,0,0,13,1,0,0,0,0,2,0,3,31,2,0,0,3,5,1
Elk Grove Police Department,2022,142,430,3,15,1,33,183,128,0,4,9,11,0,0,0,113,1,2,20,1,0,0,1,25,202,70,0,1,37,42,4
Emeryville Police Department,2017,50,104,1,19,0,0,58,52,16,1,3,10,0,0,0,225,0,0,21,1,0,0,0,26,58,9,0,0,3,12,1
Emeryville Police Department,2018,30,62,2,20,0,4,80,82,17,2,1,5,0,0,0,211,0,0,43,0,0,0,0,34,78,12,0,4,17,13,2
Emeryville Police Department,2019,38,45,1,17,0,3,84,56,24,5,2,4,0,0,0,190,0,0,16,0,0,1,4,22,75,15,0,3,9,18,3
Emeryville Police Department,2020,34,36,0,31,0,1,33,49,0,1,1,1,0,0,0,73,0,0,18,0,0,1,0,7,45,12,0,4,10,34,0
Emeryville Police Department,2021,9,28,0,10,0,5,22,27,0,0,3,9,0,0,0,97,0,0,15,0,0,0,0,7,37,22,0,2,12,19,0
Emeryville Police Department,2022,24,33,1,18,0,11,18,29,0,0,3,5,0,0,0,130,0,0,15,0,0,0,2,15,54,37,0,5,7,25,0
Escondido Police Department,2017,492,892,5,53,1,3,496,1043,676,2,16,8,0,0,0,555,32,0,69,3,0,22,6,83,422,31,0,35,67,130,43
Escondido Police Department,2018,453,861,4,48,0,11,406,929,635,2,4,8,0,0,0,459,13,0,77,3,2,2,10,73,306,35,0,11,77,130,48
Escondido Police Department,2019,425,824,3,54,0,8,491,977,636,0,6,14,0,0,0,304,23,1,64,12,1,9,1,75,316,35,0,1,86,126,44
Escondido Police Department,2020,493,467,6,62,0,4,512,1347,437,1,10,8,0,0,0,254,7,0,106,5,1,0,6,56,309,44,0,0,81,147,33
Escondido Police Department,2021,118,1131,5,41,0,451,532,689,0,2,8,10,0,0,0,140,22,0,32,2,1,10,1,39,394,20,0,0,53,100,7
Escondido Police Department,2022,188,922,8,46,0,579,564,1034,0,2,11,14,0,0,0,243,21,0,32,5,0,2,1,79,561,50,0,10,88,142,11
Ferndale Police Department,2017,3,13,0,0,0,0,5,5,5,0,0,1,0,0,0,0,0,0,1,0,0,0,0,0,2,0,0,0,0,2,0
Ferndale Police Department,2018,1,5,0,1,0,0,3,2,6,0,0,0,0,0,0,2,0,0,1,0,0,0,0,0,2,0,0,0,1,0,1
Ferndale Police Department,2019,1,1,0,1,0,0,16,4,4,0,0,0,0,0,0,1,0,0,0,0,0,0,0,0,3,0,0,0,0,0,0
Ferndale Police Department,2020,3,8,0,1,0,0,10,11,7,0,0,0,0,0,0,0,0,0,2,0,0,0,0,0,5,0,0,0,0,0,0
Ferndale Police Department,2021,0,1,0,0,0,0,2,0,0,0,0,0,0,0,0,0,0,0,1,0,0,0,0,0,0,0,0,0,0,0,0
Ferndale Police Department,2022,1,3,0,0,0,20,4,5,0,1,1,0,0,0,0,0,0,0,0,0,0,0,0,0,4,2,0,0,0,1,0
Fontana Police Department,2017,521,474,5,120,0,12,402,1659,572,10,20,143,0,0,0,330,14,2,145,10,3,1,23,111,443,84,0,6,60,144,84
Fontana Police Department,2018,529,432,3,133,0,5,398,1754,446,10,32,32,1,0,0,314,28,0,175,9,0,2,22,98,450,89,0,11,64,130,59
Fontana Police Department,2019,513,468,0,134,0,8,449,1852,497,15,21,32,5,0,0,296,26,0,206,6,2,1,27,96,449,139,0,5,61,153,68
Fontana Police Department,2020,436,481,7,100,0,4,237,1010,315,7,7,35,0,0,0,266,6,0,92,7,1,0,28,83,380,205,0,7,62,170,61
Fontana Police Department,2021,55,1446,5,21,0,138,89,272,0,2,7,13,0,0,0,60,3,1,1,0,0,1,5,43,178,166,0,1,35,107,11
Fontana Police Department,2022,185,2746,9,82,0,421,203,923,0,12,25,34,0,0,0,256,19,3,16,1,1,1,31,117,624,421,0,2,138,325,22
Fort Bragg Police Department,2017,60,129,1,40,0,10,36,107,77,1,2,1,0,0,0,13,0,0,7,0,0,0,3,3,61,7,0,7,10,7,2
Fort Bragg Police Department,2018,46,164,0,42,0,4,46,126,79,1,2,8,0,0,0,10,0,0,1,0,0,0,3,7,50,3,0,6,5,7,5
Fort Bragg Police Department,2019,34,114,0,43,0,3,30,70,50,0,0,2,0,0,0,13,0,0,3,0,0,0,1,4,41,1,0,1,6,4,0
Fort Bragg Police Department,2020,29,151,1,25,0,1,21,78,64,0,0,1,0,0,0,15,0,0,0,0,1,0,2,3,47,4,0,2,4,3,3
Fort Bragg Police Department,2021,7,69,1,4,0,49,40,20,0,0,1,4,0,0,0,29,0,0,4,0,0,0,0,2,37,0,0,0,6,4,0
Fort Bragg Police Department,2022,17,99,2,5,0,61,158,36,0,0,1,3,0,0,0,31,2,0,3,0,0,0,0,7,47,1,0,0,11,15,0
Fortuna Police Department,2017,35,309,0,25,0,1,60,191,58,0,2,4,0,0,0,26,7,0,5,0,0,0,0,4,37,8,0,2,15,12,2
Fortuna Police Department,2018,37,381,0,27,0,0,77,154,81,0,0,1,0,0,0,7,14,0,1,0,0,0,0,1,48,12,0,0,11,9,3
Fortuna Police Department,2019,32,284,0,20,0,5,69,113,46,0,1,7,0,0,0,16,7,0,1,0,0,0,0,4,41,9,0,1,15,7,1
Fortuna Police Department,2020,49,175,3,24,0,4,54,139,39,0,0,1,0,0,0,12,2,0,2,1,0,0,1,2,50,16,0,2,10,8,2
Fortuna Police Department,2021,1,29,1,0,0,34,15,5,0,0,0,1,0,0,0,2,0,0,0,0,0,0,0,0,10,0,0,0,1,2,0
Fortuna Police Department,2022,8,157,2,3,0,136,43,45,0,0,0,6,0,0,0,30,10,0,5,0,0,0,3,0,47,8,0,0,8,11,1
Foster City Police Department,2017,29,35,0,16,0,0,53,35,4,0,1,3,0,0,0,8,0,0,4,0,0,0,0,1,21,1,0,0,3,6,2
Foster City Police Department,2018,37,65,0,24,0,0,54,61,3,0,5,5,0,0,0,8,1,0,5,0,0,1,1,2,30,3,0,2,6,7,4
Foster City Police Department,2019,33,51,1,18,0,0,65,67,3,0,0,2,0,0,0,6,0,0,3,0,0,1,0,2,23,3,0,0,6,4,4
Foster City Police Department,2020,36,22,0,11,0,0,26,47,5,0,1,3,0,0,0,2,2,0,2,0,0,2,2,3,18,0,0,1,2,7,5
Foster City Police Department,2021,2,14,0,1,0,7,14,4,0,0,0,1,0,0,0,1,0,0,2,0,0,0,0,0,10,4,0,1,0,0,0
Foster City Police Department,2022,16,37,1,4,0,8,25,12,0,0,1,6,0,0,0,6,0,0,0,0,0,0,1,5,42,5,0,0,2,1,1
Fresno Police Department,2017,1799,7569,57,555,0,281,1322,1707,735,18,29,61,2,0,0,666,38,4,135,34,8,85,47,400,1754,430,0,64,388,704,178
Fresno Police Department,2018,2045,9334,42,536,0,291,2123,2144,725,15,48,78,0,0,0,651,39,4,116,24,4,94,44,427,1835,372,0,18,401,924,193
Fresno Police Department,2019,1544,6401,25,390,0,231,1506,1299,473,6,23,45,1,0,0,477,15,8,66,32,2,76,32,268,1314,257,0,13,286,553,136
Fresno Police Department,2020,1883,3902,46,449,0,80,1602,809,308,9,12,22,1,0,0,633,9,4,135,16,4,89,44,310,1404,285,0,17,391,664,164
Fresno Police Department,2021,940,4905,32,179,0,266,1036,240,0,4,6,46,1,0,0,481,0,0,208,31,45,92,26,246,1361,97,0,5,350,672,18
Fresno Police Department,2022,965,4522,62,246,0,339,1144,226,0,8,4,67,0,2,1,720,7,0,200,33,16,123,32,283,1747,117,0,33,406,602,35
Garden Grove Police Department,2017,252,1170,4,283,0,19,365,1565,405,1,41,39,0,0,0,221,15,3,150,5,1,40,17,82,316,104,0,138,121,166,55
Garden Grove Police Department,2018,227,1501,7,189,0,21,303,1775,409,2,43,33,21,0,0,174,8,0,112,5,0,13,17,67,266,73,0,63,107,145,38
Garden Grove Police Department,2019,282,1633,7,141,0,4,317,1882,374,0,35,28,56,0,0,165,5,0,80,9,0,17,18,68,238,70,0,48,104,119,43
Garden Grove Police Department,2020,232,1534,7,173,0,2,220,1556,282,1,20,28,137,0,0,112,0,0,129,1,0,20,14,67,289,59,0,38,124,159,29
Garden Grove Police Department,2021,14,37,3,3,0,0,0,51,0,0,2,4,7,0,0,1,0,0,11,1,0,0,0,3,10,7,0,0,5,2,0
Garden Grove Police Department,2022,100,1154,11,59,0,112,157,549,0,4,6,21,2,0,0,73,0,0,44,0,1,6,4,46,218,52,0,11,90,62,4
Gardena Police Department,2017,132,413,1,163,0,1,216,302,94,0,16,15,1,0,0,60,1,0,95,6,1,2,3,67,69,5,0,2,23,34,12
Gardena Police Department,2018,122,313,0,152,0,0,256,257,55,6,13,7,1,0,0,80,6,0,173,6,0,3,1,74,88,6,0,0,22,28,19
Gardena Police Department,2019,121,298,3,123,0,0,252,328,3,3,4,5,0,0,0,71,18,0,103,4,0,0,3,41,96,7,0,0,31,29,12
Gardena Police Department,2020,94,197,1,103,8,2,125,245,0,1,4,4,2,0,0,91,0,1,132,7,0,1,2,42,71,4,0,0,28,28,9
Gardena Police Department,2021,88,364,0,24,0,46,146,133,0,3,3,23,23,0,0,114,4,0,61,5,0,3,1,22,40,68,0,1,20,54,3
Gardena Police Department,2022,79,441,3,50,0,85,133,110,0,3,6,24,3,0,0,120,1,0,81,3,3,0,0,37,37,12,0,0,25,35,2
Glenn County Sheriff's Department,2017,55,299,2,9,3,1,14,99,30,0,4,6,0,0,0,20,1,0,5,2,0,0,2,2,45,4,0,0,14,15,3
Glenn County Sheriff's Department,2018,64,410,2,7,0,5,41,217,76,0,4,6,0,0,0,48,1,0,8,4,1,0,1,5,65,2,0,0,21,21,8
Glenn County Sheriff's Department,2019,76,402,0,13,0,4,40,238,68,1,2,12,0,0,0,26,0,2,4,0,1,0,1,5,75,7,0,0,6,24,15
Glenn County Sheriff's Department,2020,48,303,0,12,0,4,29,148,43,0,0,5,0,0,0,19,0,0,5,0,2,0,3,3,43,5,0,0,10,14,14
Glenn County Sheriff's Department,2021,18,192,2,1,0,40,17,38,0,0,0,1,0,0,0,9,0,0,1,0,0,0,1,0,6,2,0,0,4,9,1
Glenn County Sheriff's Department,2022,24,78,1,2,0,15,8,43,0,0,1,2,0,0,0,5,0,0,1,0,0,0,0,1,5,0,0,0,3,4,1
Gonzales Police Department,2017,25,36,0,4,0,2,46,69,10,1,1,2,0,0,0,0,3,0,0,0,0,0,1,1,23,3,0,0,3,4,3
Gonzales Police Department,2018,16,47,1,3,0,1,43,67,15,0,1,5,0,0,0,5,6,0,1,0,0,0,0,1,17,4,0,0,2,13,1
Gonzales Police Department,2019,19,54,0,3,0,2,38,83,18,0,6,5,0,0,0,3,4,0,0,0,0,0,1,5,27,1,0,0,3,8,3
Gonzales Police Department,2020,15,31,0,5,0,0,32,64,6,0,2,2,0,0,0,6,0,0,2,0,0,0,1,1,20,2,0,0,6,1,1
Gonzales Police Department,2021,8,33,0,0,0,7,30,12,0,0,0,1,0,0,0,3,0,0,2,1,0,0,0,0,21,1,0,1,4,6,0
Gonzales Police Department,2022,3,43,0,3,0,21,44,17,0,0,1,4,0,0,0,2,3,0,1,0,0,0,0,1,20,2,0,0,3,7,3
Grass Valley Police Department,2017,34,331,1,14,0,7,75,170,107,1,0,11,0,0,0,114,8,0,31,0,1,0,0,4,89,11,0,11,23,4,6
Grass Valley Police Department,2018,38,326,0,9,0,13,133,224,111,0,1,13,0,0,0,64,4,0,14,0,1,0,1,9,109,6,0,12,28,2,7
Grass Valley Police Department,2019,65,365,2,17,0,12,89,217,152,0,3,16,0,0,0,52,6,0,7,2,1,0,1,5,136,11,0,19,32,7,11
Grass Valley Police Department,2020,60,238,4,16,0,1,70,190,82,0,3,4,0,0,0,34,6,0,18,0,0,0,0,6,89,10,0,7,23,12,6
Grass Valley Police Department,2021,7,14,0,2,0,12,8,22,0,0,1,1,0,0,0,3,0,0,1,0,0,0,0,0,4,1,0,0,4,1,0
Grass Valley Police Department,2022,86,143,3,4,0,84,49,127,0,2,2,9,0,1,0,27,1,0,11,0,1,0,1,6,29,18,0,9,9,14,0
Greenfield Police Department,2017,53,140,2,15,0,0,91,124,8,0,0,9,0,0,0,4,4,0,6,0,0,0,6,7,67,3,0,0,6,17,4
Greenfield Police Department,2018,64,205,6,14,0,2,130,232,16,2,8,1,1,0,0,13,8,0,3,2,0,0,6,8,83,7,0,1,8,21,11
Greenfield Police Department,2019,58,206,2,10,0,8,122,163,22,0,3,4,0,0,0,3,4,0,2,2,0,0,1,2,60,4,0,0,4,14,13
Greenfield Police Department,2020,43,161,3,9,0,6,84,82,8,1,10,2,0,0,0,0,12,0,6,0,0,0,5,6,45,2,0,2,5,17,8
Greenfield Police Department,2021,23,102,0,3,0,23,107,38,0,0,1,4,0,0,0,8,5,0,6,0,0,0,1,2,48,0,0,0,12,25,3
Greenfield Police Department,2022,33,112,2,8,0,14,127,37,0,0,3,3,0,0,0,11,11,0,2,1,1,0,3,2,73,1,0,1,14,27,5
Grover Beach Police Department,2017,29,147,0,7,0,3,57,170,77,0,6,5,0,0,0,3,8,0,1,0,0,0,1,2,22,6,0,25,7,16,5
Grover Beach Police Department,2018,19,102,0,8,0,0,50,104,33,0,9,8,0,0,0,5,1,0,2,0,0,0,0,2,15,8,0,10,4,6,1
Grover Beach Police Department,2019,15,98,0,8,0,2,48,125,30,0,0,5,0,0,0,6,8,0,3,0,0,0,0,4,15,3,0,6,6,5,1
Grover Beach Police Department,2020,20,85,1,2,0,1,38,104,21,0,7,1,1,0,0,2,1,0,1,2,0,1,0,3,19,6,0,4,9,5,0
Grover Beach Police Department,2021,14,58,1,4,0,43,79,93,0,0,5,2,0,0,0,5,0,0,1,0,0,0,0,2,13,10,0,0,3,19,0
Grover Beach Police Department,2022,20,55,0,3,0,43,43,63,0,0,1,1,0,0,0,12,0,0,2,0,0,0,0,2,14,4,0,2,2,9,0
Gustine Police Department,2017,20,57,0,4,2,2,12,39,9,0,0,0,0,0,0,1,2,0,1,0,0,0,0,0,22,0,0,0,1,6,3
Gustine Police Department,2018,18,55,2,2,0,7,4,26,6,0,0,1,0,0,0,1,0,0,2,0,0,0,0,0,20,1,0,0,6,1,1
Gustine Police Department,2019,13,75,1,4,0,1,3,25,3,0,0,0,0,0,0,3,7,0,4,0,0,0,0,1,21,0,0,1,4,1,2
Gustine Police Department,2020,17,75,1,4,0,0,7,43,3,0,1,0,0,0,0,0,0,0,1,0,1,0,0,0,20,4,0,0,7,5,1
Gustine Police Department,2021,4,21,0,1,0,1,6,3,0,0,1,1,0,0,0,0,0,0,0,0,0,0,0,0,8,0,0,0,0,1,0
Gustine Police Department,2022,5,98,0,0,0,17,41,7,0,0,1,0,0,0,0,0,0,0,1,0,0,0,1,0,11,1,0,0,2,3,1
Hanford Police Department,2017,131,715,5,58,2,13,110,401,146,2,9,20,0,0,0,62,6,1,36,7,1,6,4,30,178,17,0,4,37,40,17
Hanford Police Department,2018,150,888,1,80,0,15,118,386,163,2,10,20,0,0,0,136,24,0,33,2,3,0,5,28,224,14,0,1,33,38,24
Hanford Police Department,2019,133,920,3,115,1,14,125,526,177,2,6,25,0,0,0,131,9,1,18,4,1,2,4,15,202,11,0,0,33,52,31
Hanford Police Department,2020,157,755,0,52,0,4,113,525,162,2,4,13,0,0,0,73,0,0,26,4,0,0,3,22,148,34,0,0,46,39,18
Hanford Police Department,2021,19,650,1,22,0,111,101,85,0,1,3,9,0,0,0,10,12,0,10,1,0,0,1,5,78,16,0,0,14,23,1
Hanford Police Department,2022,94,1143,3,18,0,268,195,235,0,3,3,31,0,0,0,63,15,1,14,1,0,1,9,14,189,20,0,0,35,83,2
Healdsburg Police Department,2017,22,104,1,15,0,0,75,154,19,0,2,3,0,0,0,13,6,0,4,0,0,0,2,2,31,4,0,0,1,17,1
Healdsburg Police Department,2018,12,72,0,11,0,2,82,144,25,0,0,3,0,0,0,16,1,0,4,0,0,0,1,3,28,3,0,0,8,14,1
Healdsburg Police Department,2019,15,64,0,8,0,1,71,123,20,0,3,2,0,0,0,17,2,0,3,3,0,0,0,2,29,6,0,0,10,9,4
Healdsburg Police Department,2020,27,56,1,15,0,2,33,97,9,0,2,2,0,0,0,6,3,0,4,0,0,0,0,5,21,1,0,0,3,9,3
Healdsburg Police Department,2021,6,58,0,0,0,6,26,19,0,0,1,2,0,0,0,8,0,0,0,0,0,0,0,0,11,4,0,0,1,5,0
Healdsburg Police Department,2022,10,200,2,2,0,39,90,45,0,1,2,7,0,0,0,26,0,0,1,0,0,0,0,0,50,4,0,0,10,12,0
Hemet Police Department,2017,304,1124,1,76,0,2,150,434,586,3,7,13,0,0,0,55,0,0,4,4,0,8,10,30,218,139,0,1,41,142,17
Hemet Police Department,2018,307,1185,2,51,0,1,117,559,615,1,5,6,1,0,0,76,0,1,3,10,0,48,5,47,200,110,0,20,26,78,13
Hemet Police Department,2019,251,1001,2,75,0,49,101,480,491,1,10,7,0,0,0,74,15,3,6,6,1,5,2,33,150,116,0,33,26,67,6
Hemet Police Department,2020,160,615,0,28,0,20,59,242,471,1,1,2,0,0,0,53,5,0,5,7,0,0,5,27,83,201,0,12,19,58,8
Hemet Police Department,2021,50,450,2,11,0,319,31,34,0,0,0,3,0,0,0,11,0,0,5,0,0,0,0,3,40,26,0,0,6,51,1
Hemet Police Department,2022,90,893,0,27,0,690,59,105,0,0,1,4,0,0,0,37,0,0,4,1,0,1,2,23,100,85,0,0,24,82,4
Hermosa Beach Police Department,2017,15,163,1,27,0,14,95,60,264,1,6,3,0,0,0,15,24,0,6,0,0,0,0,3,34,3,0,1,6,7,3
Hermosa Beach Police Department,2018,24,159,0,26,0,7,71,87,167,0,2,1,0,0,0,13,19,0,5,0,0,0,0,5,44,6,0,3,10,1,6
Hermosa Beach Police Department,2019,15,99,3,19,0,6,92,77,75,1,0,0,0,0,0,23,7,1,3,0,0,0,0,5,32,3,0,8,11,1,4
Hermosa Beach Police Department,2020,18,82,1,13,0,4,42,51,78,1,0,1,0,0,0,20,2,0,3,1,0,0,0,6,22,11,0,2,7,3,1
Hermosa Beach Police Department,2021,14,95,0,11,0,168,114,52,0,0,2,10,0,0,0,26,11,0,2,0,0,0,1,4,21,29,0,1,8,14,1
Hermosa Beach Police Department,2022,17,120,2,22,0,201,120,50,0,0,1,18,0,0,0,65,7,0,6,0,0,0,1,2,22,18,0,3,15,27,0
Hillsborough Police Department,2017,2,16,0,0,0,0,12,19,0,0,0,1,0,0,0,1,2,0,2,0,0,1,0,0,3,0,0,0,0,2,0
Hillsborough Police Department,2018,4,37,0,1,0,0,26,22,0,0,0,0,0,0,0,1,2,0,0,0,0,0,0,0,7,1,0,0,1,2,0
Hillsborough Police Department,2019,1,26,0,0,0,0,30,29,0,0,0,0,0,0,0,2,3,0,0,0,0,0,0,0,7,0,0,0,1,3,0
Hillsborough Police Department,2020,2,16,0,0,0,0,5,12,1,1,2,1,0,0,0,0,0,0,0,0,0,0,0,0,1,0,0,0,0,0,0
Hillsborough Police Department,2021,0,6,0,0,0,0,9,0,0,0,3,0,0,0,0,0,0,0,0,0,0,0,0,0,1,0,0,0,0,0,0
Hillsborough Police Department,2022,1,24,0,1,0,0,8,2,0,0,1,1,0,0,0,0,0,0,0,0,0,0,0,0,5,2,0,0,0,0,0
Hollister Police Department,2017,137,287,2,60,1,10,187,172,68,2,1,4,0,0,0,4,17,0,5,7,1,0,3,15,112,13,0,3,18,40,10
Hollister Police Department,2018,120,226,0,31,0,7,303,227,59,0,5,5,0,0,0,11,4,0,4,1,0,0,1,6,122,9,0,4,14,50,15
Hollister Police Department,2019,117,207,0,37,0,9,162,160,30,0,12,3,1,0,0,7,8,1,6,1,0,0,4,16,124,8,0,4,13,53,12
Hollister Police Department,2020,92,161,3,31,0,9,108,150,59,2,4,5,0,0,0,9,0,0,2,1,1,0,3,10,113,6,0,1,20,11,10
Hollister Police Department,2021,40,168,3,7,0,66,123,94,0,1,3,7,0,0,0,15,3,0,2,0,1,0,2,5,102,7,0,2,13,26,0
Hollister Police Department,2022,27,126,3,3,0,62,152,67,0,0,3,1,0,0,0,25,1,0,0,1,0,0,2,1,122,4,0,1,19,34,2
Irwindale Police Department,2017,11,50,1,10,0,1,28,29,16,0,1,0,0,0,0,2,1,0,14,0,0,0,0,4,17,0,0,0,1,2,0
Irwindale Police Department,2018,12,49,1,5,0,0,40,31,9,0,0,1,0,0,0,3,0,0,11,0,0,0,0,2,14,2,0,0,6,1,3
Irwindale Police Department,2019,6,44,2,11,0,0,55,25,7,0,2,1,0,0,0,5,0,0,4,0,0,0,0,2,6,0,0,0,4,3,0
Irwindale Police Department,2020,11,13,0,4,0,0,11,16,2,0,0,1,0,0,0,1,0,0,5,0,0,0,0,1,4,1,0,0,4,2,0
Irwindale Police Department,2021,5,39,1,12,0,0,29,29,0,0,3,0,0,0,0,5,0,0,9,0,0,0,0,3,1,7,0,1,11,5,0
Irwindale Police Department,2022,5,44,1,8,0,4,48,35,0,0,1,1,0,0,0,14,0,0,5,0,0,0,0,1,8,3,0,1,7,4,0
Kings County Sheriff's Department,2017,97,764,0,39,0,0,104,639,104,0,7,5,4,0,0,20,0,0,21,4,0,1,8,9,36,26,0,0,9,42,8
Kings County Sheriff's Department,2018,123,1023,3,30,3,2,115,526,118,1,7,14,2,0,0,24,0,0,27,1,0,0,4,9,58,23,0,0,8,36,14
Kings County Sheriff's Department,2019,122,1122,1,42,0,3,150,631,133,1,2,14,12,0,0,38,4,0,18,1,1,0,7,13,49,26,0,0,16,47,10
Kings County Sheriff's Department,2020,97,846,3,35,0,0,77,623,95,1,1,10,3,0,0,15,3,1,13,1,0,0,6,18,44,22,0,0,15,44,10
Kings County Sheriff's Department,2021,6,200,0,5,0,16,16,47,0,0,1,7,0,0,0,3,1,0,2,0,0,0,1,1,7,3,0,0,3,5,0
Kings County Sheriff's Department,2022,35,226,2,16,0,121,42,338,0,0,0,19,1,0,0,9,7,0,12,2,2,14,2,13,69,16,0,0,19,18,3
La Habra Police Department,2017,49,494,0,36,0,8,202,483,221,1,1,10,1,0,0,103,0,0,5,1,0,0,5,8,143,47,0,12,29,42,9
La Habra Police Department,2018,60,357,1,17,1,6,219,446,176,3,3,10,0,0,0,88,4,0,8,2,1,0,6,14,116,15,0,1,33,38,18
La Habra Police Department,2019,103,296,0,22,9,7,233,644,67,0,6,18,0,0,0,102,6,0,8,2,0,0,4,12,119,17,0,2,24,28,25
La Habra Police Department,2020,84,236,2,35,7,2,217,488,87,1,3,5,0,0,0,82,4,0,8,1,0,0,2,11,104,25,0,1,20,49,18
La Habra Police Department,2021,23,181,0,3,0,75,109,167,0,0,4,21,0,0,0,46,0,0,2,0,0,1,2,9,47,30,0,0,15,25,2
La Habra Police Department,2022,81,519,2,22,16,261,209,345,0,0,5,45,0,0,0,99,3,0,5,2,0,0,2,19,151,37,0,4,36,45,4
La Mesa Police Department,2017,157,194,2,60,1,3,187,880,251,1,13,17,0,0,0,177,0,0,12,1,0,1,1,31,179,44,0,6,27,85,14
La Mesa Police Department,2018,159,145,2,71,0,1,138,1069,194,2,16,14,0,0,0,193,1,0,16,0,0,0,1,43,161,62,0,8,18,83,10
La Mesa Police Department,2019,133,157,1,49,0,4,130,632,195,1,8,13,0,0,0,145,6,0,41,2,0,0,2,44,149,28,0,12,18,55,11
La Mesa Police Department,2020,118,98,1,49,5,1,85,273,141,1,3,4,0,0,0,41,0,0,13,1,0,0,0,27,119,21,0,17,24,22,3
La Mesa Police Department,2021,15,737,4,12,0,133,109,109,0,0,3,2,0,0,0,21,5,0,5,1,0,0,1,10,68,11,0,5,12,16,1
La Mesa Police Department,2022,38,338,8,19,0,151,113,127,0,1,3,5,0,0,0,63,4,0,4,1,0,0,0,26,190,28,0,9,34,12,0
La Palma Police Department,2017,9,154,0,14,0,1,29,109,2,0,6,6,0,0,0,16,0,0,4,0,0,0,0,2,25,6,0,0,4,6,0
La Palma Police Department,2018,25,66,0,15,0,0,37,106,6,0,9,9,0,0,0,23,2,0,2,0,0,1,0,4,24,4,0,2,3,10,3
La Palma Police Department,2019,20,48,0,12,0,0,30,93,6,0,9,8,0,0,0,30,0,0,4,0,0,0,0,3,27,3,0,1,5,4,3
La Palma Police Department,2020,29,47,3,14,0,0,18,64,1,0,1,1,0,0,0,30,1,0,3,0,0,0,0,1,21,4,0,2,5,5,6
La Palma Police Department,2021,10,124,1,4,0,3,41,59,0,0,5,13,0,0,0,26,0,0,11,0,0,0,1,2,18,28,0,2,5,3,1
La Palma Police Department,2022,7,118,2,4,0,1,27,46,0,0,4,17,0,0,0,15,0,0,2,0,0,0,1,4,24,19,0,2,5,5,0
La Verne Police Department,2017,27,74,1,141,0,4,66,280,139,0,4,20,0,0,0,66,11,0,67,0,0,0,0,17,81,18,0,0,15,9,10
La Verne Police Department,2018,29,72,1,119,0,2,46,208,118,0,1,12,0,0,0,29,4,0,56,1,0,0,2,6,53,13,0,1,7,9,3
La Verne Police Department,2019,17,43,0,84,0,0,27,127,22,0,0,7,0,0,0,38,2,0,24,0,0,0,1,11,34,4,0,0,8,3,0
La Verne Police Department,2020,19,38,1,33,0,0,17,61,7,0,1,5,1,0,0,21,0,0,16,1,0,0,4,1,24,1,0,0,11,4,3
La Verne Police Department,2021,19,213,0,5,0,4,21,49,0,2,1,4,0,0,0,42,0,0,21,0,0,0,1,2,32,12,0,0,12,3,1
La Verne Police Department,2022,7,193,0,6,0,13,28,9,0,0,1,7,0,0,0,47,0,0,2,0,0,0,2,7,33,6,0,0,16,5,1
Lake County Sheriff's Department,2017,158,512,2,20,0,5,32,636,109,1,6,8,0,0,0,10,1,0,6,3,0,0,5,3,119,20,0,1,20,55,18
Lake County Sheriff's Department,2018,154,539,3,27,0,8,25,459,87,0,5,7,0,0,0,22,1,0,6,2,0,0,3,6,118,12,0,3,21,39,13
Lake County Sheriff's Department,2019,145,370,2,13,0,1,2,393,84,0,5,1,0,0,0,20,4,0,5,4,0,0,1,2,96,10,0,4,23,32,8
Lake County Sheriff's Department,2020,135,256,4,27,0,3,1,265,56,0,1,4,0,0,0,4,2,0,2,0,0,0,1,4,71,7,0,1,12,22,9
Lake County Sheriff's Department,2021,14,14,0,4,0,10,0,47,0,0,0,0,0,0,0,0,0,0,0,0,0,0,0,0,16,0,0,0,1,2,0
Lake County Sheriff's Department,2022,53,114,3,18,0,56,0,157,0,0,5,2,0,0,0,14,1,0,0,0,0,0,3,6,78,19,0,1,13,31,1
Lakeport Police Department,2017,24,58,0,20,0,1,45,97,52,0,5,3,0,0,0,22,0,0,6,0,0,0,0,4,20,1,0,1,4,12,2
Lakeport Police Department,2018,25,86,1,18,0,6,83,104,47,1,2,1,0,0,0,14,1,0,3,0,0,0,0,4,36,5,0,0,5,11,5
Lakeport Police Department,2019,25,87,0,14,0,4,41,73,44,0,2,1,0,0,0,13,2,0,5,0,0,0,0,3,28,4,0,1,6,7,4
Lakeport Police Department,2020,31,43,0,5,0,6,22,28,31,0,0,0,0,0,0,0,4,0,4,1,1,0,0,1,12,5,0,1,1,3,0
Lakeport Police Department,2021,0,15,0,2,0,38,11,2,0,0,0,1,0,0,0,2,0,0,0,0,0,0,0,0,4,0,0,2,1,4,0
Lakeport Police Department,2022,12,65,1,2,0,73,28,52,0,0,2,2,0,0,0,6,1,0,3,0,0,0,0,2,26,1,0,0,4,9,1
Lassen County Sheriff's Department,2017,47,141,1,12,0,1,4,37,5,0,1,2,0,0,0,10,1,0,1,2,0,0,2,0,35,7,0,1,9,13,5
Lassen County Sheriff's Department,2018,48,145,2,17,0,1,3,54,7,0,3,2,0,0,0,9,0,0,1,0,0,0,4,3,34,6,0,1,4,15,5
Lassen County Sheriff's Department,2019,60,100,0,11,0,1,7,67,10,0,0,2,0,0,0,3,3,0,6,0,0,0,1,0,36,2,0,0,3,20,7
Lassen County Sheriff's Department,2020,43,74,1,13,0,1,2,61,11,0,2,6,0,0,0,5,0,0,6,0,0,0,1,2,29,2,0,0,5,13,2
Lassen County Sheriff's Department,2021,3,8,0,0,0,1,0,4,0,0,0,0,0,0,0,1,0,0,0,0,0,0,0,0,7,1,0,0,0,3,0
Lassen County Sheriff's Department,2022,12,121,1,9,0,8,0,36,0,0,0,14,0,0,0,7,0,0,0,0,0,0,2,1,31,4,0,0,5,25,1
Lemoore Police Department,2017,105,247,1,32,0,6,54,254,51,0,4,3,0,0,0,11,3,0,3,3,0,0,8,12,83,10,0,0,12,25,17
Lemoore Police Department,2018,94,306,0,26,1,8,93,193,66,0,1,11,0,0,0,11,4,0,8,2,1,1,6,12,78,9,0,6,12,26,8
Lemoore Police Department,2019,118,243,2,16,0,3,68,160,68,0,0,4,0,0,0,13,0,0,2,2,0,0,2,4,71,5,0,1,11,12,19
Lemoore Police Department,2020,90,287,0,10,0,6,76,306,34,1,2,11,0,0,0,8,5,1,8,1,0,0,3,7,49,13,0,2,3,24,15
Lemoore Police Department,2021,16,180,0,3,0,32,59,35,0,0,0,1,0,0,0,6,1,0,3,1,0,1,5,3,49,6,0,0,2,13,1
Lemoore Police Department,2022,50,395,0,8,0,71,131,104,0,0,4,8,0,0,0,12,2,0,10,0,0,2,4,5,113,22,0,0,23,39,8
Lincoln Police Department,2017,29,33,2,15,0,0,55,102,50,1,0,2,0,0,0,8,0,0,3,1,0,0,0,4,18,4,0,2,3,8,1
Lincoln Police Department,2018,24,32,0,26,0,0,77,189,42,0,2,6,0,0,0,13,1,0,2,1,0,9,1,6,23,3,0,8,0,8,1
Lincoln Police Department,2019,20,43,0,24,0,1,52,168,47,1,1,3,0,0,0,13,1,0,1,0,1,6,0,1,23,9,0,2,3,34,2
Lincoln Police Department,2020,24,55,1,12,0,1,62,328,41,1,7,0,0,0,0,17,0,0,2,0,0,3,1,3,32,9,0,0,4,23,1
Lincoln Police Department,2021,0,13,0,0,0,2,7,8,0,0,1,1,0,0,0,0,0,0,1,0,0,0,0,0,5,0,0,0,1,2,0
Lincoln Police Department,2022,21,111,1,6,0,35,78,142,0,1,4,21,0,0,0,25,0,0,2,0,0,0,2,4,48,11,0,1,4,19,0
Livingston Police Department,2017,44,175,0,14,0,0,34,132,22,0,4,1,0,0,0,6,0,0,4,1,0,0,0,6,36,7,0,0,3,7,5
Livingston Police Department,2018,22,200,1,26,0,0,49,84,7,0,1,2,2,0,0,7,4,0,3,0,0,0,0,3,44,5,0,0,11,3,2
Livingston Police Department,2019,27,190,0,12,0,5,45,59,19,0,1,0,0,0,0,4,3,0,6,0,1,0,1,6,41,7,0,0,4,13,2
Livingston Police Department,2020,35,104,0,12,0,0,44,40,12,0,1,0,0,0,0,5,0,0,1,0,0,0,0,2,31,7,0,0,9,5,5
Livingston Police Department,2021,10,53,1,3,0,9,14,7,0,0,0,2,0,0,0,5,0,0,1,0,0,0,0,3,12,0,0,0,1,5,0
Livingston Police Department,2022,19,112,0,12,0,18,39,43,0,0,4,2,0,0,0,10,0,0,1,1,0,0,0,4,48,15,0,0,7,22,1
Los Altos Police Department,2017,12,16,0,5,0,0,21,16,10,0,1,1,0,0,0,14,3,0,0,0,0,0,1,0,14,5,0,0,2,6,4
Los Altos Police Department,2018,14,35,0,6,0,1,33,30,16,0,3,0,0,0,0,12,2,0,2,0,0,0,0,2,14,11,0,0,1,2,3
Los Altos Police Department,2019,16,40,1,7,0,1,24,38,3,0,2,1,0,0,0,8,0,1,3,0,0,1,1,2,10,5,0,1,6,3,1
Los Altos Police Department,2020,7,12,0,5,0,0,8,26,6,0,2,2,0,0,0,12,0,1,2,1,0,0,2,2,7,1,0,1,4,1,2
Los Altos Police Department,2021,0,4,1,0,0,1,0,0,0,0,0,3,0,0,0,0,0,0,0,0,0,0,0,0,0,0,0,0,0,0,0
Los Altos Police Department,2022,5,32,0,8,0,2,2,6,0,0,1,6,0,0,0,5,1,0,0,0,0,0,0,2,11,0,0,0,4,2,1
Los Gatos Police Department,2017,26,89,0,16,0,0,59,168,46,0,8,0,0,0,0,24,3,0,12,0,0,0,2,5,37,12,0,1,6,6,4
Los Gatos Police Department,2018,28,123,1,15,0,4,62,220,42,1,2,4,0,0,0,17,1,0,20,0,0,0,4,8,59,11,0,2,13,17,5
Los Gatos Police Department,2019,32,84,1,12,0,0,77,171,30,0,2,5,0,0,0,26,6,0,15,0,0,0,1,5,43,5,0,0,8,8,5
Los Gatos Police Department,2020,19,55,3,9,0,1,33,76,14,0,0,2,0,0,0,23,3,0,5,0,0,0,1,5,22,6,0,0,6,0,7
Los Gatos Police Department,2021,1,17,0,2,0,6,2,7,0,0,2,0,0,0,0,4,1,0,0,0,0,0,0,2,9,5,0,0,0,1,0
Los Gatos Police Department,2022,17,125,3,3,0,30,37,27,0,0,10,22,0,0,0,13,0,0,9,0,0,0,2,0,41,19,0,1,7,4,3
Madera County Sheriff's Department,2017,145,419,0,24,0,4,4,124,93,2,5,5,0,0,0,24,2,0,8,1,1,2,8,15,63,15,0,1,17,41,18
Madera County Sheriff's Department,2018,141,447,0,29,0,2,0,166,71,3,8,1,0,0,0,17,1,0,11,0,1,1,7,7,59,22,0,2,21,38,13
Madera County Sheriff's Department,2019,126,480,1,33,0,1,0,199,72,0,6,1,0,0,0,60,4,0,6,3,0,0,13,3,81,15,0,1,12,33,15
Madera County Sheriff's Department,2020,142,411,0,29,0,1,7,178,51,0,4,4,0,0,0,20,1,0,4,6,0,0,3,7,81,13,0,1,15,36,15
Madera County Sheriff's Department,2021,223,557,2,16,0,64,12,165,0,0,13,8,0,0,0,15,0,0,12,3,1,0,5,3,51,20,0,2,25,36,3
Madera County Sheriff's Department,2022,173,601,3,22,0,87,17,133,0,0,13,8,0,0,0,12,2,0,7,1,0,0,6,2,88,26,0,0,22,53,4
Madera Police Department,2017,208,723,3,33,0,64,226,812,26,0,1,7,0,0,0,69,8,0,37,5,0,0,6,23,311,33,0,7,34,104,27
Madera Police Department,2018,314,771,3,37,0,13,235,1174,4,0,3,23,0,0,0,78,12,0,31,2,2,5,3,27,336,25,0,4,42,112,29
Madera Police Department,2019,269,745,6,65,0,7,292,1038,11,0,5,15,0,0,0,64,10,0,29,2,0,3,8,26,306,24,0,5,34,86,30
Madera Police Department,2020,243,404,5,25,0,2,250,854,11,0,7,13,0,0,0,45,1,1,37,4,0,0,12,18,232,22,0,2,40,89,22
Madera Police Department,2021,83,603,10,24,0,147,257,372,0,0,9,46,0,0,0,45,2,0,21,3,0,0,5,11,264,37,0,0,31,93,11
Madera Police Department,2022,95,609,12,20,0,192,227,319,0,0,4,35,0,0,0,69,0,0,26,2,1,1,6,21,263,28,0,0,47,70,6
Marina Police Department,2017,48,117,1,16,0,4,86,107,26,3,4,7,0,0,0,33,5,0,8,0,1,5,0,3,67,8,0,9,14,16,7
Marina Police Department,2018,37,88,0,18,0,3,67,141,39,0,2,1,0,0,0,11,2,0,9,0,1,2,1,5,80,2,0,2,5,14,4
Marina Police Department,2019,52,66,0,21,0,6,48,93,31,0,5,4,0,0,0,16,7,0,7,0,0,0,0,2,71,8,0,5,6,12,5
Marina Police Department,2020,72,90,0,14,0,5,66,213,35,0,5,4,0,0,0,6,6,0,13,0,0,0,1,3,60,10,0,5,6,9,3
Marina Police Department,2021,21,108,0,3,0,21,80,78,0,0,2,14,0,0,0,12,4,0,3,0,0,0,2,5,28,4,0,2,7,14,0
Marina Police Department,2022,23,144,2,10,0,39,142,69,0,0,3,18,0,0,0,28,5,0,7,1,3,0,1,3,73,11,0,7,6,14,0
Mariposa County Sheriff's Department,2017,40,203,0,10,0,0,40,102,41,0,1,2,0,0,0,13,1,0,1,0,1,0,0,0,46,7,0,1,3,13,4
Mariposa County Sheriff's Department,2018,29,139,1,13,0,4,47,131,41,1,2,5,0,0,0,8,0,0,4,1,1,0,2,0,41,6,0,4,2,8,3
Mariposa County Sheriff's Department,2019,59,174,0,11,0,4,41,223,43,0,10,7,0,0,0,5,0,0,4,3,0,0,1,2,57,6,0,0,4,15,8
Mariposa County Sheriff's Department,2020,43,92,2,9,0,3,33,191,15,0,2,5,0,0,0,7,2,0,3,0,0,0,1,0,37,10,0,0,5,11,3
Mariposa County Sheriff's Department,2021,13,33,0,6,0,18,16,43,0,0,1,4,0,0,0,6,0,0,0,1,0,0,0,0,30,3,0,0,1,8,0
Mariposa County Sheriff's Department,2022,20,42,0,2,0,35,34,75,0,0,2,3,0,0,0,6,0,0,3,0,2,0,0,0,39,1,0,0,4,4,0
Modoc County Sheriff's Department,2017,29,103,0,4,0,2,6,23,9,0,0,1,0,0,0,0,0,0,0,0,0,0,0,0,15,0,0,0,1,5,9
Modoc County Sheriff's Department,2018,33,123,0,4,0,3,10,33,7,0,0,0,0,0,0,0,1,0,1,0,1,0,2,0,15,3,0,0,2,12,5
Modoc County Sheriff's Department,2019,28,118,0,5,0,2,8,16,11,0,3,0,0,0,0,2,0,1,1,0,0,0,1,1,7,4,0,0,2,14,1
Modoc County Sheriff's Department,2020,18,89,2,4,0,1,4,8,0,0,0,0,0,0,0,1,0,0,0,1,0,0,1,5,12,1,0,0,1,6,1
Modoc County Sheriff's Department,2021,0,5,0,0,0,0,0,0,0,0,0,0,0,0,0,0,0,0,0,0,0,0,1,0,1,0,0,0,1,0,0
Modoc County Sheriff's Department,2022,10,37,0,1,0,3,0,10,0,0,0,0,0,0,0,7,0,0,2,0,0,0,0,0,11,0,0,0,0,2,0
Monrovia Police Department,2017,63,164,0,95,1,1,107,134,92,0,9,9,0,0,0,66,2,1,17,2,0,0,5,13,49,7,0,0,15,9,5
Monrovia Police Department,2018,47,210,0,92,0,1,103,209,139,0,11,10,0,0,0,65,5,0,22,0,0,0,2,9,70,11,0,0,13,19,4
Monrovia Police Department,2019,50,198,2,85,2,3,112,180,127,2,0,2,0,0,0,42,6,0,17,1,0,0,0,7,60,11,0,2,8,19,1
Monrovia Police Department,2020,48,83,1,76,0,0,50,107,33,0,3,2,0,0,0,29,2,0,21,0,0,0,0,5,42,6,0,0,12,7,1
Monrovia Police Department,2021,25,172,4,18,0,42,91,73,0,0,1,22,0,0,0,50,5,0,7,0,0,0,1,7,40,14,0,0,17,18,0
Monrovia Police Department,2022,22,202,4,14,0,76,149,161,0,0,2,29,0,0,0,70,5,0,5,0,0,0,2,15,44,12,0,2,18,19,1
Montclair Police Department,2017,102,170,1,134,0,2,136,285,64,1,6,15,0,0,0,158,2,0,28,1,0,2,4,26,130,20,0,4,26,30,18
Montclair Police Department,2018,133,188,5,93,0,3,136,378,55,3,5,12,0,0,0,179,0,0,36,0,0,7,9,33,137,15,0,4,34,34,14
Montclair Police Department,2019,108,110,6,104,0,1,103,381,65,3,1,10,3,0,0,188,2,0,21,1,0,2,6,28,104,7,0,11,27,32,20
Montclair Police Department,2020,114,111,7,88,0,0,124,329,54,1,4,3,0,0,0,119,1,2,24,9,0,1,5,32,79,8,0,11,31,41,21
Montclair Police Department,2021,49,89,2,29,0,22,50,94,0,4,1,5,2,0,0,37,1,0,12,0,0,0,2,10,40,3,0,12,15,21,2
Montclair Police Department,2022,77,243,8,82,0,65,124,174,0,2,6,8,0,0,0,116,5,0,58,7,0,2,3,30,71,21,0,3,22,54,0
Monte Sereno,2017,2,0,0,0,0,0,1,4,0,0,0,0,0,0,0,0,0,0,0,0,0,0,0,0,2,1,0,0,0,1,0
Monte Sereno,2018,1,1,0,0,0,0,4,3,0,0,0,0,0,0,0,0,0,0,2,0,1,0,0,0,1,2,0,0,0,0,0
Monte Sereno,2019,1,3,0,0,0,0,2,3,0,0,0,1,0,0,0,1,0,0,0,0,0,0,0,0,1,0,0,0,0,0,0
Monte Sereno,2020,1,0,0,0,0,0,1,1,1,0,0,0,0,0,0,0,0,0,0,0,0,0,0,0,1,0,0,0,2,0,0
Monte Sereno,2021,1,0,0,0,0,0,0,0,0,0,0,0,0,0,0,0,0,0,0,0,0,0,0,0,0,0,0,0,0,0,0
Monte Sereno,2022,2,5,0,0,0,1,2,0,0,0,1,2,0,0,0,0,0,0,0,0,0,0,0,0,4,1,0,0,0,0,0
Monterey County Sheriff's Department,2017,143,473,3,64,0,6,24,247,16,1,4,3,0,0,0,19,1,0,32,3,1,0,12,10,98,15,0,0,25,36,13
Monterey County Sheriff's Department,2018,188,496,3,76,0,0,28,338,18,0,10,8,0,0,0,26,12,1,40,3,1,1,10,16,102,21,0,2,21,53,11
Monterey County Sheriff's Department,2019,178,539,1,49,0,1,25,477,24,1,20,15,0,0,0,20,10,0,24,4,0,0,9,15,123,20,0,3,16,53,16
Monterey County Sheriff's Department,2020,179,464,3,54,0,1,19,350,16,0,6,12,0,0,0,21,10,0,32,7,0,1,8,14,98,16,0,1,17,43,19
Monterey County Sheriff's Department,2021,80,237,3,26,0,27,54,136,0,0,5,11,0,0,0,12,3,0,18,7,0,0,1,4,93,14,0,2,11,38,5
Monterey County Sheriff's Department,2022,85,269,2,23,1,33,107,243,0,1,4,16,0,0,0,22,2,0,14,2,0,0,3,5,125,22,0,2,15,40,5
Moraga Police Department,2017,4,8,0,1,0,0,13,2,4,0,2,3,0,0,0,6,0,0,2,0,0,0,0,0,4,0,0,0,1,2,1
Moraga Police Department,2018,5,11,0,2,0,0,23,4,14,1,1,0,0,0,0,5,2,0,2,0,0,0,0,0,7,1,0,0,0,1,1
Moraga Police Department,2019,4,12,0,2,0,0,18,4,2,0,0,1,0,0,0,9,1,0,0,0,0,0,0,7,3,3,0,0,1,1,0
Moraga Police Department,2020,3,15,0,3,0,0,14,8,1,0,0,4,0,0,0,10,0,0,2,0,0,0,0,1,6,5,0,0,0,1,0
Moraga Police Department,2021,5,6,0,0,0,6,19,4,0,0,1,2,0,0,0,11,0,0,2,0,0,0,0,1,3,4,0,0,0,2,0
Moraga Police Department,2022,5,10,0,2,0,5,3,3,0,0,0,0,0,0,0,15,0,0,1,0,1,0,1,1,0,2,0,0,1,3,0
Morgan Hill Police Department,2017,70,216,5,38,0,9,205,341,84,2,11,12,0,0,0,88,14,0,19,0,0,4,2,11,112,13,0,3,22,49,25
Morgan Hill Police Department,2018,75,221,4,34,0,12,149,222,81,1,5,6,0,0,0,74,11,0,17,1,1,0,6,13,108,20,0,1,27,30,15
Morgan Hill Police Department,2019,57,193,0,32,0,7,177,229,78,1,4,18,0,0,0,56,7,0,17,0,0,1,5,6,135,12,0,1,24,21,12
Morgan Hill Police Department,2020,61,145,2,29,0,3,122,231,49,1,10,10,0,0,0,38,3,1,23,1,0,1,4,8,86,13,0,0,20,40,17
Morgan Hill Police Department,2021,34,71,3,7,0,20,115,33,0,0,1,5,0,0,0,15,0,0,2,0,1,0,2,4,25,14,0,0,5,20,1
Morgan Hill Police Department,2022,38,128,1,5,0,27,216,35,0,3,2,11,0,0,0,28,8,0,16,1,0,0,2,2,44,66,0,0,7,29,1
Mountain View Police Department,2017,129,318,1,38,0,8,162,386,322,0,8,9,0,0,0,100,4,1,10,1,0,0,2,19,140,28,0,3,15,38,28
Mountain View Police Department,2018,127,246,3,49,0,1,165,322,209,0,7,9,0,0,0,89,1,0,7,1,0,0,6,20,133,22,0,9,16,29,18
Mountain View Police Department,2019,110,242,1,56,0,3,112,298,293,0,4,18,0,0,0,52,1,1,10,0,0,0,10,22,130,28,0,3,21,34,26
Mountain View Police Department,2020,100,135,2,34,0,3,79,232,152,0,3,8,0,0,0,75,0,0,15,0,0,1,4,17,117,21,0,2,18,30,17
Mountain View Police Department,2021,1,15,1,3,0,19,54,6,0,0,0,2,0,0,0,3,0,0,4,0,0,0,0,0,5,2,0,0,1,0,2
Mountain View Police Department,2022,49,165,2,10,0,169,237,46,0,0,1,23,0,0,0,37,0,0,29,0,0,0,4,15,111,4,0,4,18,18,4
Murrieta Police Department,2017,126,343,1,84,0,1,283,831,103,5,19,13,0,0,0,37,2,0,10,0,0,0,4,21,130,55,0,8,26,38,9
Murrieta Police Department,2018,121,293,1,83,0,1,170,754,94,3,18,12,0,0,0,44,2,0,23,1,0,1,2,19,110,38,0,1,14,29,6
Murrieta Police Department,2019,181,182,1,99,0,1,195,683,110,1,10,9,0,0,0,50,0,0,18,3,0,1,4,9,101,24,0,1,16,27,10
Murrieta Police Department,2020,156,138,1,52,0,1,126,723,85,3,5,9,0,0,0,33,0,0,15,1,0,0,2,11,103,24,0,2,15,49,7
Murrieta Police Department,2021,102,502,1,13,0,72,101,168,0,0,6,10,0,0,0,41,0,0,5,1,0,14,1,11,105,42,0,2,14,38,4
Murrieta Police Department,2022,130,586,1,20,0,95,151,140,0,0,7,15,0,0,0,52,4,0,15,0,2,13,3,14,137,46,0,1,26,35,2
National City Police Department,2017,204,261,2,36,5,2,185,336,348,3,10,8,0,0,0,248,7,0,50,7,0,37,9,38,87,11,0,26,38,35,14
National City Police Department,2018,184,126,1,24,1,14,180,285,413,2,6,14,0,0,0,164,2,0,29,3,0,28,3,42,84,10,0,5,32,45,10
National City Police Department,2019,223,95,1,38,4,1,147,262,332,0,5,6,0,0,0,238,0,0,35,0,0,31,8,60,103,9,0,4,39,33,8
National City Police Department,2020,225,103,0,20,0,0,151,280,231,0,1,10,0,0,0,82,1,0,44,4,0,28,2,45,96,14,0,5,29,51,15
National City Police Department,2021,47,722,4,7,0,218,201,74,0,0,0,6,0,0,0,31,0,0,14,2,1,31,1,30,72,12,0,2,14,32,2
National City Police Department,2022,79,348,2,23,0,149,170,118,0,1,1,8,0,0,1,94,4,0,5,5,2,8,0,48,181,12,0,0,23,35,1
Newark Police Department,2017,39,244,0,35,0,2,71,275,53,0,7,7,0,0,0,87,1,0,9,3,0,0,2,24,90,26,0,3,17,22,10
Newark Police Department,2018,41,210,1,15,0,6,91,244,42,3,4,5,0,0,0,53,1,0,3,1,0,0,2,17,89,12,0,5,8,15,5
Newark Police Department,2019,44,241,3,24,0,3,97,213,26,0,2,4,0,0,0,40,0,0,2,1,0,0,1,11,81,20,0,1,11,16,3
Newark Police Department,2020,46,146,0,14,0,0,77,191,20,0,2,4,0,0,0,63,0,0,9,0,0,0,0,15,45,25,0,3,10,26,5
Newark Police Department,2021,6,69,0,0,0,8,18,9,0,0,1,5,0,0,0,13,0,0,1,0,0,0,0,0,15,5,0,0,3,2,0
Newark Police Department,2022,26,168,0,17,0,28,62,48,0,1,1,12,0,0,0,23,0,0,2,2,0,0,2,5,91,16,0,4,22,16,1
Novato Police Department,2017,94,298,0,61,0,5,134,274,114,2,6,4,0,0,0,30,35,0,9,0,0,0,5,16,121,17,0,32,27,15,22
Novato Police Department,2018,121,309,4,35,0,5,227,420,124,2,2,1,0,0,0,22,31,1,4,0,0,2,7,16,119,22,0,36,21,19,14
Novato Police Department,2019,86,268,0,40,0,4,108,273,124,0,3,3,0,0,0,14,31,0,13,0,0,0,3,6,101,18,0,8,12,7,13
Novato Police Department,2020,76,204,8,14,2,5,79,283,29,1,1,0,0,0,0,13,6,0,5,1,0,0,1,5,118,12,0,1,26,12,13
Novato Police Department,2021,5,10,0,0,0,0,0,11,0,0,1,2,0,0,0,5,0,0,0,0,0,0,2,0,2,1,0,0,0,3,0
Novato Police Department,2022,70,145,6,10,0,24,28,185,0,1,2,3,0,0,0,43,0,0,14,1,0,0,4,6,83,21,0,1,24,18,2
Oceanside Police Department,2017,458,693,3,64,3,3,319,683,1119,2,9,18,0,0,0,269,21,0,33,10,0,12,7,54,313,49,0,5,57,104,32
Oceanside Police Department,2018,455,531,2,51,3,7,408,1185,1197,7,10,25,0,0,0,305,15,1,26,8,0,12,6,48,315,69,0,5,72,98,30
Oceanside Police Department,2019,487,576,10,44,1,4,342,1621,817,4,11,24,0,0,0,489,8,2,33,4,0,7,8,66,359,62,0,6,76,120,50
Oceanside Police Department,2020,518,352,19,49,0,1,270,2059,493,1,5,6,0,0,0,296,8,1,31,4,0,1,2,54,293,48,0,87,68,131,38
Oceanside Police Department,2021,101,1248,7,19,3,497,284,662,0,0,3,8,0,0,0,53,4,0,12,6,0,2,4,21,244,43,0,24,34,72,2
Oceanside Police Department,2022,205,751,8,36,0,534,369,646,0,3,2,11,0,0,0,112,4,0,25,6,0,0,1,58,524,74,0,17,59,81,4
Orange County Sheriff's Department,2017,172,1447,4,67,3,7,82,1045,21,2,17,43,0,0,0,55,6,3,12,4,0,1,12,20,163,50,0,1,42,128,34
Orange County Sheriff's Department,2018,157,1718,3,81,0,2,112,1636,19,2,18,37,0,0,0,105,2,1,12,1,0,22,14,23,184,59,0,1,36,127,28
Orange County Sheriff's Department,2019,183,1137,1,81,3,4,140,1877,26,1,27,47,0,0,0,88,3,1,15,3,1,15,16,22,160,42,0,2,33,100,16
Orange County Sheriff's Department,2020,133,562,2,48,0,3,73,1276,18,1,14,20,0,0,0,65,1,0,12,2,0,11,5,19,125,49,0,2,37,84,9
Orange County Sheriff's Department,2021,12,481,3,8,0,6,9,134,0,0,2,20,0,2,0,8,0,0,2,0,0,1,1,3,62,24,0,0,14,33,1
Orange County Sheriff's Department,2022,54,1172,9,17,0,17,33,319,0,1,19,51,0,5,0,23,0,0,3,0,0,5,1,5,151,59,0,0,35,78,6
Oroville Police Department,2017,75,724,6,29,1,5,53,303,124,0,5,15,0,0,0,306,3,1,21,0,0,1,3,13,137,11,0,7,36,33,20
Oroville Police Department,2018,80,695,2,15,0,15,51,319,263,1,1,5,0,0,0,266,13,0,23,2,0,0,0,12,150,9,0,4,39,25,19
Oroville Police Department,2019,71,573,13,20,0,10,55,296,156,1,6,14,0,0,0,96,17,0,29,2,0,0,2,12,120,15,0,15,34,35,16
Oroville Police Department,2020,53,448,9,10,0,5,52,304,125,1,3,3,0,0,0,58,9,1,14,1,1,0,4,11,113,12,0,8,43,29,19
Oroville Police Department,2021,10,145,0,6,0,54,33,6,0,0,2,4,0,0,0,11,0,0,3,0,0,0,1,1,21,3,0,0,7,2,0
Oroville Police Department,2022,61,308,8,10,0,276,40,23,0,0,4,8,0,0,0,45,1,1,6,1,1,0,2,7,85,7,0,2,39,18,0
Pacific Grove Police Department,2017,8,36,0,11,0,3,28,52,16,0,1,1,0,0,0,5,4,0,2,0,0,0,1,0,23,4,0,1,5,3,0
Pacific Grove Police Department,2018,12,61,0,14,0,5,12,59,4,0,1,0,0,0,0,2,5,0,0,0,0,0,1,0,30,1,0,1,5,4,3
Pacific Grove Police Department,2019,5,50,0,7,0,1,20,34,14,0,1,4,0,0,0,2,2,0,0,0,0,0,0,5,22,0,0,1,3,1,2
Pacific Grove Police Department,2020,6,51,0,3,0,7,12,41,18,0,0,0,0,0,0,3,1,0,0,0,0,0,0,0,31,1,0,0,0,2,0
Pacific Grove Police Department,2021,6,64,0,6,0,7,12,25,0,0,0,4,0,0,0,2,0,0,3,0,0,0,0,0,13,2,0,1,2,4,0
Pacific Grove Police Department,2022,5,68,0,1,0,13,18,27,0,0,1,4,0,0,0,7,1,0,0,0,0,0,0,0,11,1,0,0,2,2,0
Palo Alto Police Department,2017,69,680,2,50,0,3,96,301,164,2,4,10,0,0,0,97,9,1,4,1,0,0,3,21,83,6,0,79,27,23,15
Palo Alto Police Department,2018,50,601,3,52,0,3,110,429,157,0,6,10,0,0,0,72,10,1,14,0,0,1,3,6,79,28,0,62,9,29,12
Palo Alto Police Department,2019,51,492,1,36,0,6,143,353,128,1,1,9,0,0,0,50,3,0,8,1,0,0,3,12,83,12,0,3,15,27,15
Palo Alto Police Department,2020,41,158,2,35,0,3,89,265,36,1,3,6,0,0,0,57,2,0,11,0,1,0,3,31,53,10,0,5,16,17,6
Palo Alto Police Department,2021,3,13,0,1,0,12,9,2,0,0,1,0,0,0,0,9,0,0,1,0,0,0,0,2,4,0,0,2,0,0,0
Palo Alto Police Department,2022,24,298,3,16,0,70,70,64,0,1,4,15,0,0,0,179,0,0,6,0,0,0,1,25,83,7,0,5,15,16,3
Palos Verdes Estates Police Department,2017,4,23,0,47,0,0,69,58,28,0,3,1,0,0,0,24,0,0,9,0,0,0,0,2,9,4,0,0,0,4,1
Palos Verdes Estates Police Department,2018,9,30,0,9,0,1,41,28,10,0,0,1,0,0,0,11,0,0,8,0,0,0,0,0,1,0,0,0,1,3,1
Palos Verdes Estates Police Department,2019,5,21,0,17,0,0,48,55,8,0,0,6,0,0,0,10,0,0,12,0,0,0,0,1,7,1,0,0,1,4,0
Palos Verdes Estates Police Department,2020,5,16,0,5,0,0,26,41,4,0,1,0,0,0,0,12,0,0,10,0,0,0,1,4,5,4,0,1,0,6,0
Palos Verdes Estates Police Department,2021,2,49,0,3,0,0,19,36,0,0,1,6,0,0,0,7,0,0,11,0,0,0,0,0,10,8,0,0,1,4,0
Palos Verdes Estates Police Department,2022,2,68,0,8,0,7,39,49,0,0,0,8,0,0,0,17,0,0,4,0,0,0,0,0,11,2,0,0,0,9,0
Placentia Police Department,2017,49,177,1,35,7,1,132,260,40,0,2,5,0,0,0,24,20,0,13,1,0,0,0,15,78,12,0,1,18,22,2
Placentia Police Department,2018,83,320,0,23,0,4,124,234,4,0,3,4,0,0,0,17,13,0,6,0,0,0,2,4,84,11,0,4,14,21,6
Placentia Police Department,2019,87,410,0,20,0,0,104,213,8,0,3,2,0,0,0,11,3,0,8,2,0,0,1,12,89,18,0,0,16,18,6
Placentia Police Department,2020,86,271,2,24,0,1,65,245,13,0,5,6,0,0,0,21,6,0,10,0,0,0,0,16,88,14,0,0,26,26,3
Placentia Police Department,2021,75,422,1,12,0,15,88,201,0,0,6,20,0,0,0,9,0,0,3,0,0,0,1,2,84,18,0,3,22,49,3
Placentia Police Department,2022,51,510,0,16,0,4,94,153,0,2,8,16,0,0,0,18,0,0,19,0,0,0,0,8,68,31,0,3,20,34,3
Placerville Police Department,2017,33,89,0,28,0,0,70,165,77,0,2,5,0,0,0,13,4,0,8,0,0,0,0,3,37,8,0,0,10,7,6
Placerville Police Department,2018,38,116,0,19,0,1,81,151,84,0,0,4,0,0,0,15,1,0,6,0,0,0,1,3,46,2,0,1,10,5,4
Placerville Police Department,2019,39,77,0,13,0,0,86,148,75,0,3,2,0,0,0,13,2,0,5,0,0,0,1,4,37,3,0,2,13,9,2
Placerville Police Department,2020,44,163,1,13,0,0,70,148,62,1,4,3,0,0,0,7,0,0,9,0,1,0,0,5,30,7,0,0,8,6,3
Placerville Police Department,2021,19,111,3,9,0,69,64,82,0,0,4,5,0,0,0,7,1,0,3,0,0,0,0,0,25,0,0,1,13,11,0
Placerville Police Department,2022,17,179,3,3,0,93,86,118,0,0,4,4,0,0,0,29,1,0,0,0,0,0,0,5,63,6,0,1,10,20,0
Porterville Police Department,2017,285,791,4,157,0,7,123,675,213,2,15,16,0,0,0,148,17,0,29,7,1,8,6,28,228,41,0,2,53,85,43
Porterville Police Department,2018,271,976,1,165,3,9,138,775,172,4,26,29,0,0,0,66,13,0,42,5,3,0,9,32,186,79,0,1,33,105,38
Porterville Police Department,2019,300,1202,4,146,5,12,200,875,213,3,32,54,2,0,0,60,6,0,39,4,1,0,8,26,229,50,0,0,40,96,32
Porterville Police Department,2020,260,1016,6,82,0,7,242,973,261,5,23,32,0,0,0,44,4,1,38,4,7,0,5,33,232,26,0,0,16,113,29
Porterville Police Department,2021,108,380,5,35,0,65,133,941,0,0,42,50,0,0,0,49,2,0,18,2,0,0,7,14,244,44,0,1,39,47,9
Porterville Police Department,2022,122,403,3,20,0,228,180,606,0,3,41,56,0,0,0,50,3,0,19,5,2,0,5,28,286,63,0,2,54,66,7
Red Bluff Police Department,2017,79,196,0,85,0,4,99,204,165,1,4,8,0,0,0,120,2,0,2,0,0,0,5,7,116,47,0,8,12,38,21
Red Bluff Police Department,2018,80,216,2,74,0,5,100,176,157,1,3,7,0,0,0,93,0,0,2,1,0,0,5,8,164,49,0,14,8,40,23
Red Bluff Police Department,2019,82,175,4,65,0,5,136,133,109,0,0,3,0,0,0,80,1,0,5,1,0,0,0,6,148,25,0,12,22,33,19
Red Bluff Police Department,2020,67,130,9,68,0,14,60,164,74,0,1,5,0,0,0,68,0,0,1,1,0,0,3,9,102,21,0,7,34,25,14
Red Bluff Police Department,2021,25,123,7,9,0,93,61,71,0,0,2,8,0,0,0,27,0,0,4,0,0,0,1,6,58,16,0,2,13,26,0
Red Bluff Police Department,2022,21,159,8,6,0,145,94,107,0,0,3,22,0,0,0,50,0,0,13,0,0,0,2,10,96,23,0,8,27,39,1
Redlands Police Department,2017,126,220,3,89,0,7,120,916,3,3,2,16,0,0,0,135,7,0,18,4,1,1,2,44,136,51,0,4,26,45,22
Redlands Police Department,2018,170,286,6,57,0,3,169,912,1,4,6,13,0,0,0,102,10,0,23,5,3,2,10,39,192,32,0,0,34,32,24
Redlands Police Department,2019,136,267,3,61,0,2,244,982,0,2,1,15,0,0,0,112,15,0,21,0,2,1,3,37,200,35,0,0,26,47,24
Redlands Police Department,2020,139,139,2,48,0,2,158,687,20,3,4,9,0,0,0,47,20,0,29,2,2,0,7,37,149,34,0,1,29,57,10
Redlands Police Department,2021,56,232,0,18,0,63,166,368,0,0,3,17,0,0,0,42,8,0,8,4,0,0,5,34,145,28,0,0,29,35,3
Redlands Police Department,2022,37,276,3,24,0,145,159,371,0,3,9,22,0,0,0,48,8,0,14,2,0,0,4,33,212,56,0,8,28,41,0
Richmond Police Department,2017,275,307,1,63,0,3,149,139,19,1,4,9,1,0,0,32,1,0,73,4,5,69,3,45,131,12,0,10,17,82,9
Richmond Police Department,2018,280,409,4,53,0,4,161,173,16,1,4,5,0,0,0,34,0,0,79,4,0,64,12,58,223,15,0,1,26,159,15
Richmond Police Department,2019,330,445,3,76,0,3,218,221,24,5,2,10,0,0,0,45,0,0,81,3,1,33,5,67,265,14,0,4,54,157,17
Richmond Police Department,2020,327,342,6,66,0,5,210,75,4,4,4,1,0,0,0,26,0,1,85,6,0,2,3,49,217,18,0,2,44,132,9
Richmond Police Department,2021,251,627,7,47,0,2,192,63,0,3,2,3,2,0,0,21,0,0,64,5,0,5,1,48,177,18,0,2,60,147,3
Richmond Police Department,2022,206,697,5,33,0,6,125,48,0,4,1,9,0,0,0,17,0,0,26,7,1,2,3,25,135,12,0,0,44,127,3
Ridgecrest Police Department,2017,143,788,0,76,45,6,86,413,94,0,8,3,0,0,0,31,9,0,20,0,0,0,6,6,155,10,0,4,31,52,11
Ridgecrest Police Department,2018,137,797,2,74,17,35,92,328,93,1,6,12,0,0,0,25,14,0,17,2,0,0,2,7,184,9,0,1,28,43,10
Ridgecrest Police Department,2019,120,849,1,58,0,29,105,342,91,3,1,4,5,0,0,20,0,0,10,3,0,0,2,4,129,5,0,1,23,37,6
Ridgecrest Police Department,2020,164,975,4,55,0,15,108,389,30,2,3,4,0,0,0,25,6,0,17,1,0,0,0,9,135,7,0,4,23,34,22
Ridgecrest Police Department,2021,3,60,0,0,0,2,4,7,0,0,0,1,0,0,0,2,0,0,0,0,0,0,0,1,11,1,0,0,0,2,0
Ridgecrest Police Department,2022,50,627,0,34,0,27,85,124,0,1,7,20,0,0,0,37,2,0,9,3,0,0,0,8,122,19,0,0,28,30,0
Rio Dell Police Department,2017,29,30,0,1,1,2,21,41,21,0,3,3,0,0,0,0,3,0,3,0,0,0,0,0,30,1,0,0,4,11,0
Rio Dell Police Department,2018,10,20,0,0,1,1,3,40,25,0,0,0,0,0,0,0,0,0,3,0,0,0,2,2,18,0,0,1,3,4,1
Rio Dell Police Department,2019,15,20,1,7,0,1,21,31,29,0,0,2,0,0,0,3,0,0,0,0,0,0,0,0,16,0,0,0,1,8,1
Rio Dell Police Department,2020,15,23,0,5,0,2,24,57,34,0,0,0,0,0,0,3,0,0,1,0,0,0,0,1,18,3,0,0,6,4,1
Rio Dell Police Department,2021,1,23,0,0,0,3,1,2,0,0,0,0,0,0,0,1,0,0,0,0,0,0,0,0,4,0,0,0,0,0,1
Rio Dell Police Department,2022,7,75,0,2,0,35,14,12,0,0,0,1,0,0,0,9,1,0,1,0,0,0,0,0,26,2,0,1,7,7,0
Rocklin Police Department,2017,55,55,0,65,0,0,88,186,48,1,2,8,0,0,0,40,1,0,26,0,0,11,0,9,46,11,0,0,4,17,5
Rocklin Police Department,2018,56,69,3,49,0,1,103,237,50,2,4,4,0,0,0,40,2,0,17,0,0,23,1,2,40,8,0,1,7,15,7
Rocklin Police Department,2019,53,86,0,38,0,0,84,249,48,4,0,7,0,0,0,45,0,0,26,0,0,16,3,3,44,8,0,0,7,10,9
Rocklin Police Department,2020,54,63,2,49,0,1,63,260,39,1,1,3,0,0,0,36,0,0,18,1,0,0,2,10,44,14,0,0,10,19,7
Rocklin Police Department,2021,5,14,0,1,0,4,17,9,0,0,0,4,0,0,0,3,0,0,0,0,0,0,0,0,5,4,0,0,0,0,0
Rocklin Police Department,2022,20,276,1,6,0,51,81,142,0,0,4,17,0,0,0,56,4,0,3,0,1,0,0,10,81,27,0,0,12,24,0
San Benito County Sheriff's Department,2017,42,174,2,8,0,2,4,146,14,1,1,1,0,0,0,2,3,0,0,2,0,0,1,4,26,3,0,0,5,20,3
San Benito County Sheriff's Department,2018,41,103,1,5,0,0,11,84,10,0,1,0,0,0,0,2,2,0,2,0,0,0,2,3,32,7,0,1,5,9,5
San Benito County Sheriff's Department,2019,35,232,1,5,0,0,15,121,12,1,0,1,0,0,0,11,1,0,2,0,1,0,2,1,26,1,0,1,6,5,4
San Benito County Sheriff's Department,2020,28,120,2,2,0,0,6,74,6,0,0,1,0,0,0,1,4,1,0,0,0,0,1,0,38,8,0,0,5,15,4
San Benito County Sheriff's Department,2021,22,265,2,1,0,14,45,60,0,0,0,3,0,0,0,0,0,0,1,0,0,0,1,1,44,4,0,0,3,15,1
San Benito County Sheriff's Department,2022,21,242,0,10,0,12,39,84,0,0,1,3,0,0,0,2,5,0,2,0,1,0,1,2,50,4,0,3,12,24,1
San Diego County Sheriff's Department,2017,1326,2573,18,335,12,9,95,3167,769,18,64,76,0,0,0,496,54,1,370,14,0,13,12,144,892,166,0,94,174,337,91
San Diego County Sheriff's Department,2018,1307,2375,19,281,2,16,102,2886,789,15,47,65,0,0,0,521,38,0,363,9,0,2,13,127,869,126,0,79,167,308,91
San Diego County Sheriff's Department,2019,1332,2736,12,288,6,18,118,3002,666,17,56,97,0,0,0,518,45,0,373,10,0,20,21,145,931,140,0,5,190,310,100
San Diego County Sheriff's Department,2020,1351,1483,9,197,10,18,60,2839,543,22,29,58,0,0,0,335,9,0,306,7,0,8,15,112,814,116,0,2,161,269,84
San Diego County Sheriff's Department,2021,604,10061,17,203,6,471,864,3366,0,8,51,176,0,0,0,602,44,0,172,21,0,85,10,190,1973,222,0,8,244,433,28
San Diego County Sheriff's Department,2022,624,4747,23,188,0,402,311,2232,0,6,46,111,0,0,0,401,46,0,162,14,0,2,11,113,1544,267,0,4,245,329,21
San Diego Harbor,2017,53,599,0,26,0,1,79,391,181,0,9,18,0,0,0,39,7,0,5,0,0,0,1,4,99,16,0,0,24,69,8
San Diego Harbor,2018,37,443,0,8,0,2,60,275,158,0,4,9,0,0,0,32,5,0,6,0,0,0,0,4,70,3,0,0,10,42,5
San Diego Harbor,2019,26,535,0,0,0,1,92,2,206,0,6,36,0,0,0,4,0,1,0,1,0,0,0,0,47,0,0,1,3,20,10
San Diego Harbor,2020,28,414,0,3,0,4,58,4,125,0,5,31,0,0,0,6,1,1,0,4,0,0,0,0,35,0,0,1,1,28,11
San Diego Harbor,2021,21,982,1,11,9,173,58,91,0,0,6,7,0,0,0,25,0,0,9,0,0,0,4,3,54,20,0,0,22,69,1
San Diego Harbor,2022,32,300,2,31,0,121,41,54,0,0,2,11,0,0,0,34,3,1,16,0,0,0,0,3,107,19,0,0,35,92,4
San Diego Police Department,2017,2661,14190,31,450,304,66,2080,6153,1376,1,38,109,7,0,0,1458,259,3,370,25,1,127,55,435,3155,167,0,887,448,657,212
San Diego Police Department,2018,2504,12291,62,419,183,73,1684,6152,1668,3,30,67,9,0,0,1453,153,3,273,26,1,173,73,471,2937,160,0,1522,440,638,206
San Diego Police Department,2019,2446,11470,36,393,144,96,1512,6522,3392,3,46,92,10,0,0,1520,166,1,288,18,2,146,60,422,2702,153,0,1451,473,681,221
San Diego Police Department,2020,2442,6473,67,451,140,179,1325,6801,2537,10,39,49,2,0,0,996,194,2,376,56,2,104,44,363,2112,210,0,760,592,678,129
San Diego Police Department,2021,582,14882,23,193,7,2633,1493,2137,0,1,23,78,9,0,0,318,38,0,212,11,1,44,15,164,1022,199,0,158,242,534,13
San Diego Police Department,2022,1382,8215,44,319,11,2480,1356,2506,0,5,24,75,6,0,0,594,30,0,299,30,0,71,24,396,2630,303,0,173,556,661,49
San Jose State University Police Department,2017,12,188,2,6,0,21,32,182,38,0,1,7,0,0,0,36,8,0,4,0,0,0,2,6,42,15,0,0,2,30,10
San Jose State University Police Department,2018,8,222,1,7,0,14,24,138,17,0,1,7,0,0,0,22,2,0,6,0,0,1,2,3,32,21,0,1,4,19,7
San Jose State University Police Department,2019,8,211,2,8,0,16,21,204,23,0,0,4,0,0,0,21,3,0,1,0,0,0,0,3,36,21,0,0,11,28,16
San Jose State University Police Department,2020,7,99,1,10,0,19,18,194,6,0,2,1,0,0,0,13,2,0,11,0,0,0,1,3,16,6,0,0,2,32,11
San Jose State University Police Department,2021,1,12,0,1,0,0,0,2,0,1,0,1,0,0,0,3,0,0,1,0,0,0,0,0,1,1,0,0,0,2,0
San Jose State University Police Department,2022,9,109,0,4,0,6,15,22,0,0,0,12,0,0,0,16,1,0,1,0,0,0,0,6,17,7,0,0,6,14,1
San Mateo County Sheriff's Department,2017,125,828,1,144,0,1,266,926,301,8,12,17,1,0,0,46,34,0,85,1,0,6,6,25,138,39,0,12,26,63,30
San Mateo County Sheriff's Department,2018,161,1086,6,160,0,2,256,998,277,4,14,19,0,0,0,48,26,0,23,1,0,5,4,21,145,10,0,14,19,56,19
San Mateo County Sheriff's Department,2019,150,1103,1,131,0,2,237,814,265,2,7,19,0,0,0,48,40,0,20,3,0,7,10,17,189,24,0,11,22,67,20
San Mateo County Sheriff's Department,2020,156,567,4,169,0,1,113,463,154,0,3,7,0,0,0,33,4,0,21,1,0,11,6,23,141,25,0,4,18,35,21
San Mateo County Sheriff's Department,2021,28,274,0,10,0,64,86,90,0,0,1,25,0,0,0,29,0,0,4,1,0,3,0,3,67,10,0,0,14,21,1
San Mateo County Sheriff's Department,2022,95,991,5,20,0,184,148,233,0,1,14,63,0,0,0,80,1,0,12,1,1,5,7,20,154,45,0,3,29,65,6
San Rafael Police Department,2017,140,326,6,75,0,13,193,580,198,5,5,13,0,0,0,110,43,0,16,1,0,12,1,39,211,10,0,95,38,40,49
San Rafael Police Department,2018,153,527,5,52,2,9,198,467,221,1,6,11,0,0,0,103,28,0,16,1,1,11,7,34,222,13,0,151,33,24,38
San Rafael Police Department,2019,149,361,5,64,1,10,147,513,204,0,6,22,0,0,0,53,14,0,24,0,0,9,5,25,235,12,0,84,25,37,29
San Rafael Police Department,2020,149,317,12,54,0,4,110,513,139,0,0,7,0,0,0,55,23,0,10,0,0,3,5,24,177,30,0,36,51,37,19
San Rafael Police Department,2021,6,35,0,1,0,17,34,21,0,0,0,0,0,0,0,16,0,0,1,0,0,0,0,2,16,2,0,4,1,3,1
San Rafael Police Department,2022,93,367,10,11,1,279,181,245,0,3,3,24,0,0,0,102,1,0,11,0,0,1,9,16,227,29,0,22,34,50,8
Sand City Police Department,2017,1,34,1,40,0,0,9,135,5,0,1,0,0,0,0,22,0,0,2,0,0,0,0,2,7,1,0,2,1,7,0
Sand City Police Department,2018,5,46,0,20,0,1,10,110,9,0,1,4,0,0,0,11,0,0,3,0,0,0,0,1,7,8,0,7,2,2,2
Sand City Police Department,2019,0,66,0,18,0,0,24,146,7,0,0,2,0,0,0,5,0,0,0,0,0,0,0,1,6,3,0,1,1,8,0
Sand City Police Department,2020,5,20,0,9,0,0,7,54,3,0,0,0,0,0,0,7,2,0,1,0,0,0,0,1,10,5,0,0,4,3,0
Sand City Police Department,2021,1,27,0,2,0,0,4,54,0,1,3,6,0,0,0,9,0,0,0,0,0,0,0,0,4,4,0,1,0,7,0
Sand City Police Department,2022,1,23,0,3,0,4,6,48,0,0,1,5,0,0,0,15,1,0,0,0,0,0,0,0,4,2,0,2,4,8,0
Santa Clara Police Department,2017,210,499,2,41,0,5,200,791,297,3,10,9,0,0,0,221,15,1,52,0,0,4,19,34,174,29,0,5,41,51,36
Santa Clara Police Department,2018,193,469,5,42,0,9,123,781,325,0,17,9,0,0,0,159,8,1,50,1,0,10,13,34,221,57,0,2,28,49,38
Santa Clara Police Department,2019,187,493,5,31,0,9,125,792,350,4,16,15,0,0,0,182,6,0,36,1,0,2,11,29,239,37,0,1,42,57,39
Santa Clara Police Department,2020,186,305,3,50,0,2,61,552,110,3,7,3,0,0,0,120,0,1,51,5,0,0,10,31,164,30,0,2,29,36,33
Santa Clara Police Department,2021,64,191,1,13,0,26,43,84,0,3,3,13,0,0,0,35,0,0,16,0,0,0,3,7,62,14,0,2,16,27,3
Santa Clara Police Department,2022,198,883,5,36,0,125,128,254,0,7,8,28,0,0,0,307,0,1,36,0,0,0,8,24,174,64,0,6,47,63,8
Santa Cruz County Sheriff's Department,2017,263,337,3,83,0,9,1,988,2,8,9,27,0,0,0,107,9,0,9,7,0,0,12,17,326,82,0,59,61,117,26
Santa Cruz County Sheriff's Department,2018,299,329,8,107,0,7,1,868,2,1,7,25,0,0,0,95,7,0,11,11,0,0,8,23,330,84,0,33,69,118,31
Santa Cruz County Sheriff's Department,2019,310,365,4,117,0,5,1,815,0,3,7,28,0,0,0,62,23,0,7,6,0,0,13,18,373,48,0,46,49,100,34
Santa Cruz County Sheriff's Department,2020,268,834,3,90,0,6,4,770,0,2,3,16,0,0,0,70,19,0,7,12,0,0,4,20,312,49,0,31,44,103,23
Santa Cruz County Sheriff's Department,2021,38,94,1,2,0,77,0,107,0,0,1,7,0,0,0,13,3,0,1,2,0,0,2,2,60,2,0,1,9,14,0
Santa Cruz County Sheriff's Department,2022,150,596,13,30,0,322,0,589,0,1,2,25,0,0,0,42,19,0,4,3,2,0,5,12,318,27,0,14,57,103,5
Santa Maria Police Department,2017,267,1734,1,87,3,9,431,522,193,3,9,16,1,0,0,125,31,1,37,0,0,0,9,48,465,23,0,4,41,35,26
Santa Maria Police Department,2018,250,1445,1,58,0,14,497,378,155,3,6,11,0,0,0,125,28,0,36,2,1,3,8,34,380,27,0,3,53,24,23
Santa Maria Police Department,2019,147,1022,2,66,0,0,430,261,75,1,6,12,0,0,0,109,20,0,17,0,0,0,3,50,260,8,0,3,26,26,14
Santa Maria Police Department,2020,282,536,1,66,0,5,505,368,102,3,3,15,0,0,0,84,5,1,54,4,0,3,1,22,250,10,0,5,36,37,17
Santa Maria Police Department,2021,120,448,0,48,0,52,484,124,0,3,3,22,0,0,0,65,3,0,59,2,7,6,8,28,333,17,0,3,65,54,5
Santa Maria Police Department,2022,151,467,7,51,0,140,489,154,0,5,7,16,0,0,0,91,1,0,107,3,2,0,10,55,407,18,0,2,53,86,3
Santa Paula Police Department,2017,63,150,0,14,4,10,43,243,17,0,1,0,0,0,0,30,8,0,10,0,3,1,2,8,116,5,0,2,21,18,6
Santa Paula Police Department,2018,60,177,0,21,0,2,18,267,21,0,5,6,0,0,0,38,9,0,11,0,0,0,1,9,121,7,0,3,28,28,15
Santa Paula Police Department,2019,80,206,2,9,0,5,38,392,22,1,1,1,0,0,0,24,24,1,14,3,1,1,0,10,141,6,0,8,22,36,4
Santa Paula Police Department,2020,69,224,2,21,0,1,41,371,14,0,1,1,0,0,0,19,17,0,10,0,1,0,0,6,161,5,0,2,31,45,4
Santa Paula Police Department,2021,44,117,1,8,0,13,51,173,0,0,1,3,0,0,0,18,8,0,7,0,0,0,0,3,81,8,0,1,18,40,0
Santa Paula Police Department,2022,57,96,3,8,0,6,35,97,0,2,4,10,0,0,0,27,4,0,2,0,0,0,0,7,110,3,0,4,22,37,0
Scotts Valley Police Department,2017,7,48,0,17,0,0,61,118,43,0,5,2,0,0,0,12,6,0,0,0,0,0,0,2,25,12,0,3,6,7,2
Scotts Valley Police Department,2018,11,61,1,18,0,0,66,173,72,1,1,5,0,0,0,6,5,0,0,0,0,0,1,0,28,13,0,6,3,7,8
Scotts Valley Police Department,2019,7,55,1,17,0,0,59,94,47,0,2,4,0,0,0,7,0,0,0,0,0,0,0,0,31,10,0,0,14,2,2
Scotts Valley Police Department,2020,10,45,0,12,0,0,30,102,20,0,4,2,0,0,0,1,3,0,1,0,0,0,0,1,17,4,0,0,5,4,2
Scotts Valley Police Department,2021,0,7,0,0,0,9,4,5,0,0,0,1,0,0,0,3,0,0,0,0,0,0,0,0,6,0,0,0,0,2,0
Scotts Valley Police Department,2022,11,88,0,3,0,46,64,46,0,0,0,16,0,0,0,15,2,0,2,0,0,0,1,1,28,2,0,0,5,5,0
Seaside Police Department,2017,54,142,3,25,0,18,72,198,65,2,2,2,0,0,0,15,1,1,8,1,0,0,1,14,61,3,0,60,12,24,7
Seaside Police Department,2018,67,130,0,15,0,12,79,209,35,1,1,2,0,0,0,10,3,0,8,1,0,3,2,3,82,7,0,60,12,19,5
Seaside Police Department,2019,57,97,2,25,0,15,55,168,23,2,0,1,0,0,0,11,1,0,3,0,0,0,0,2,56,10,0,3,10,15,3
Seaside Police Department,2020,53,75,0,27,0,6,52,138,16,0,2,4,0,0,0,6,1,1,5,1,0,0,1,13,68,3,0,4,9,14,7
Seaside Police Department,2021,25,93,0,6,0,16,47,50,0,0,1,1,0,0,0,16,1,0,1,0,1,0,0,7,35,1,0,2,7,16,1
Seaside Police Department,2022,42,153,1,8,0,33,114,113,0,0,3,9,0,0,0,14,3,0,2,0,0,0,0,14,88,5,0,2,9,39,1
Soledad Police Department,2017,50,108,0,20,0,7,37,88,30,1,2,4,0,0,0,2,6,0,6,0,0,0,0,4,74,5,0,0,5,14,4
Soledad Police Department,2018,41,158,0,7,0,2,41,92,10,0,13,5,0,0,0,2,3,0,10,0,0,0,2,4,76,1,0,2,5,26,5
Soledad Police Department,2019,36,115,0,11,0,2,37,51,9,0,4,0,0,0,0,6,4,0,1,0,0,0,3,9,63,1,0,1,12,18,7
Soledad Police Department,2020,28,117,2,9,0,1,42,80,4,0,1,10,0,0,0,5,0,0,6,0,0,0,1,3,62,2,0,1,8,11,9
Soledad Police Department,2021,20,142,1,0,0,13,53,39,0,0,1,6,0,0,0,2,1,0,0,1,0,0,0,2,27,0,0,0,3,12,2
Soledad Police Department,2022,18,143,0,4,0,14,80,28,0,0,2,2,0,0,0,4,2,0,3,0,0,0,0,2,39,1,0,2,6,38,0
Stockton Police Department,2017,1041,1637,32,209,0,25,425,500,862,5,15,52,4,0,0,250,8,3,51,23,1,28,27,269,875,321,0,6,165,515,86
Stockton Police Department,2018,1149,1755,19,203,0,11,493,496,651,7,7,27,0,0,0,230,11,3,47,23,22,46,31,314,804,239,0,5,171,486,77
Stockton Police Department,2019,1235,1758,28,221,0,12,489,436,336,6,10,26,0,0,0,219,6,1,47,13,0,48,26,283,852,227,0,1,183,515,100
Stockton Police Department,2020,1222,1354,26,119,0,6,443,246,292,4,15,13,1,0,0,143,8,0,30,23,1,24,30,261,748,202,0,1,211,558,110
Stockton Police Department,2021,555,954,14,103,0,448,398,161,0,7,8,30,0,1,1,137,4,0,121,11,1,28,27,127,575,115,0,3,212,398,32
Stockton Police Department,2022,608,1009,20,142,0,513,317,152,0,8,6,39,4,0,0,199,1,0,237,31,0,7,24,195,587,144,0,3,218,357,30
Sunnyvale Department of Public Safety,2017,210,368,6,123,0,12,173,667,249,4,10,9,0,0,0,206,24,1,22,1,1,9,15,34,189,19,0,8,31,37,31
Sunnyvale Department of Public Safety,2018,178,325,4,88,1,11,182,501,196,4,12,11,0,0,0,157,9,0,30,1,0,6,11,43,201,20,0,8,20,30,41
Sunnyvale Department of Public Safety,2019,199,369,9,65,0,12,220,538,162,6,7,4,0,0,0,128,12,1,22,0,0,11,10,40,190,32,0,11,51,47,32
Sunnyvale Department of Public Safety,2020,208,231,8,79,0,12,113,474,123,0,16,13,0,0,0,95,7,3,31,1,0,7,13,31,215,15,0,12,42,25,30
Sunnyvale Department of Public Safety,2021,48,211,1,21,0,80,68,62,0,1,1,9,0,0,0,25,0,0,8,2,0,0,2,4,83,8,0,7,23,8,2
Sunnyvale Department of Public Safety,2022,124,632,4,62,2,180,193,156,0,4,5,23,0,0,0,136,1,0,23,0,0,8,7,37,287,40,0,6,48,53,7
Susanville Police Department,2017,43,117,2,10,0,2,14,95,1,0,0,1,0,0,0,12,4,0,3,0,1,0,2,2,38,7,0,1,7,11,3
Susanville Police Department,2018,48,102,0,14,1,0,17,67,21,0,2,0,0,0,0,18,9,0,1,0,0,0,2,3,30,4,0,1,6,10,2
Susanville Police Department,2019,38,74,0,13,0,18,11,70,0,2,0,1,0,0,0,10,1,0,6,0,2,0,0,0,34,10,0,2,5,15,3
Susanville Police Department,2020,40,70,1,26,0,8,14,72,9,0,0,2,0,0,0,16,1,0,2,2,0,0,0,0,26,6,0,1,4,5,2
Susanville Police Department,2021,1,22,0,1,0,3,2,0,0,0,0,0,0,0,0,5,0,0,0,0,0,0,1,0,3,0,0,0,1,1,0
Susanville Police Department,2022,25,47,1,1,0,30,20,19,0,2,0,0,0,0,0,15,4,0,7,2,0,0,0,4,19,0,0,0,6,7,0
Tehama County Sheriff's Department,2017,57,68,0,8,0,1,0,231,6,1,0,2,0,0,0,7,1,0,4,2,1,0,3,3,63,16,0,0,8,33,4
Tehama County Sheriff's Department,2018,83,135,1,19,0,1,2,187,15,0,0,2,0,0,0,8,0,0,2,1,0,0,1,6,73,9,0,3,8,33,7
Tehama County Sheriff's Department,2019,68,137,0,15,0,0,2,195,13,0,2,7,0,0,0,4,0,0,14,1,0,0,0,4,65,15,0,0,11,32,4
Tehama County Sheriff's Department,2020,70,95,0,6,0,1,0,109,16,0,1,1,0,0,0,6,2,0,1,1,0,0,2,1,53,4,0,2,8,15,1
Tehama County Sheriff's Department,2021,34,84,1,6,0,72,1,46,0,0,1,11,0,0,0,3,0,0,1,1,0,0,5,1,59,9,0,0,11,18,0
Tehama County Sheriff's Department,2022,20,112,4,12,0,59,1,68,0,0,7,8,0,0,0,4,0,0,1,2,0,0,2,6,79,12,0,0,7,21,0
Torrance Police Department,2017,105,322,2,142,0,1,192,431,257,5,51,10,0,0,0,313,15,7,127,6,0,1,4,70,117,45,0,0,27,46,21
Torrance Police Department,2018,126,320,3,160,0,2,173,481,250,0,37,20,0,0,0,235,8,0,106,6,0,11,5,78,149,29,0,0,24,49,20
Torrance Police Department,2019,152,268,4,117,0,2,172,495,199,2,47,2,0,0,0,338,7,2,83,0,0,0,4,85,132,45,0,0,33,46,20
Torrance Police Department,2020,102,211,1,117,0,0,132,403,152,1,27,9,0,0,0,261,1,0,105,7,0,0,3,58,154,35,0,1,28,54,15
Torrance Police Department,2021,1,27,0,6,0,9,15,9,0,0,1,3,0,0,0,17,2,0,9,0,0,0,0,2,7,2,0,1,2,4,0
Torrance Police Department,2022,102,350,9,55,0,106,166,258,0,1,12,43,0,0,0,205,8,0,48,2,0,0,6,60,140,23,0,1,49,60,3
Tracy Police Department,2017,170,645,2,130,0,4,84,431,151,6,10,22,0,0,0,66,4,0,32,7,1,1,5,30,207,40,0,8,26,62,21
Tracy Police Department,2018,175,705,0,148,0,4,80,402,121,1,9,26,0,0,0,94,3,1,23,6,0,1,6,35,200,33,0,3,27,45,18
Tracy Police Department,2019,154,531,2,78,0,3,116,271,134,5,6,17,0,0,0,39,1,0,17,3,1,4,4,13,186,21,0,11,21,40,12
Tracy Police Department,2020,130,191,2,45,0,8,81,84,100,1,2,7,0,0,0,18,0,0,10,7,0,0,1,16,125,14,0,3,21,17,8
Tracy Police Department,2021,41,117,1,16,0,98,88,107,0,1,2,5,0,2,0,45,2,0,5,2,0,2,0,9,131,8,0,4,16,41,1
Tracy Police Department,2022,88,178,1,15,1,157,89,157,0,12,6,13,0,0,0,40,0,0,9,4,0,2,4,35,127,16,0,1,29,50,1
Tulare Police Department,2017,332,560,9,203,2,10,168,791,168,4,17,24,0,0,0,70,1,1,24,2,0,3,15,33,415,112,0,10,32,81,38
Tulare Police Department,2018,314,496,5,191,0,6,166,770,151,1,23,18,0,0,0,69,1,1,25,3,2,3,8,27,378,74,0,7,52,85,25
Tulare Police Department,2019,292,712,3,160,0,9,214,675,182,2,18,24,3,0,0,76,2,0,26,13,2,4,9,40,351,117,0,3,46,91,20
Tulare Police Department,2020,305,449,4,104,0,1,199,477,147,0,17,15,0,0,0,67,0,0,34,3,0,7,15,16,283,80,0,3,39,73,22
Tulare Police Department,2021,117,287,1,25,0,30,211,231,0,1,7,23,1,0,0,55,0,0,19,3,1,0,4,9,273,24,0,2,37,69,10
Tulare Police Department,2022,95,213,5,23,0,24,245,139,0,0,9,15,1,0,0,49,0,0,17,2,2,0,5,19,331,38,0,0,34,50,2
Tustin Police Department,2017,161,200,4,151,0,4,140,714,52,1,12,32,0,0,0,100,5,0,35,3,1,4,4,20,168,17,0,2,28,52,32
Tustin Police Department,2018,177,228,2,132,0,11,115,715,34,2,6,26,0,0,0,93,1,0,46,0,1,0,6,33,163,21,0,3,49,60,31
Tustin Police Department,2019,164,293,5,162,0,16,148,810,46,3,14,36,0,0,0,86,1,0,50,2,0,0,8,37,178,29,0,6,46,66,19
Tustin Police Department,2020,160,197,10,122,0,4,114,881,37,0,3,31,0,0,0,95,0,0,55,0,0,0,4,36,126,45,0,11,47,89,14
Tustin Police Department,2021,50,405,2,18,0,19,106,243,0,2,1,19,0,0,0,63,0,0,16,0,0,0,0,10,58,24,0,24,18,44,3
Tustin Police Department,2022,77,718,1,39,0,56,176,424,0,2,12,61,0,0,0,122,2,0,21,0,1,1,2,23,165,46,0,29,52,76,3
UC Davis Police Department,2017,7,26,0,4,0,3,8,24,6,0,0,0,0,0,0,12,9,0,1,0,0,0,0,0,6,0,0,16,0,5,1
UC Davis Police Department,2018,4,20,0,0,0,6,6,8,7,0,0,0,0,0,0,5,0,0,1,0,0,0,0,0,13,4,0,0,0,3,0
UC Davis Police Department,2019,0,16,1,10,0,10,8,10,6,0,0,0,0,0,0,4,0,0,1,0,0,0,0,0,8,4,0,0,3,2,1
UC Davis Police Department,2020,0,8,0,2,0,3,1,9,0,0,0,0,0,0,0,3,0,0,1,0,0,0,0,0,7,0,0,0,0,1,1
UC Davis Police Department,2021,1,3,0,0,0,0,0,1,0,0,0,0,0,0,0,0,0,0,0,0,0,0,0,0,0,0,0,0,0,0,0
UC Davis Police Department,2022,0,16,0,4,0,5,11,11,0,0,0,0,0,0,0,0,0,0,1,0,0,0,0,0,5,8,0,0,3,4,0
UC San Francisco Police Department,2017,8,85,0,18,0,3,3,66,6,0,1,1,0,0,0,18,0,0,3,0,0,0,0,0,36,4,0,3,6,7,0
UC San Francisco Police Department,2018,14,61,0,20,0,1,3,27,2,0,0,2,0,0,0,13,0,0,5,0,0,0,0,0,33,2,0,0,3,9,2
UC San Francisco Police Department,2019,12,40,1,20,0,19,2,15,3,0,0,2,0,0,0,5,0,0,10,0,0,0,0,1,40,1,0,5,6,6,1
UC San Francisco Police Department,2020,7,37,1,13,0,3,3,5,1,0,0,1,0,0,0,7,0,0,6,1,0,0,0,1,21,4,0,0,7,3,3
UC San Francisco Police Department,2021,0,1,0,1,0,0,1,0,0,0,0,1,0,0,0,1,0,0,0,0,0,0,0,0,5,1,0,0,2,1,0
UC San Francisco Police Department,2022,4,21,0,6,0,2,2,3,0,0,0,6,0,0,0,7,0,0,1,0,0,0,1,1,37,7,0,1,8,2,0
UC Santa Barbara Police Department,2017,14,206,1,6,12,6,39,51,161,0,1,2,0,0,0,8,148,0,4,0,0,0,2,1,18,1,0,4,3,10,2
UC Santa Barbara Police Department,2018,9,149,0,4,1,10,33,64,107,0,0,3,0,0,0,14,112,0,8,0,0,0,2,1,21,2,0,3,4,8,4
UC Santa Barbara Police Department,2019,17,58,0,6,0,8,15,42,65,1,1,4,0,0,0,7,117,0,1,0,0,0,0,1,19,3,0,4,8,11,0
UC Santa Barbara Police Department,2020,3,17,0,4,0,2,8,16,9,0,0,1,0,0,0,7,25,0,4,0,1,0,0,0,7,0,0,8,2,6,1
UC Santa Barbara Police Department,2021,1,17,0,2,0,3,2,6,0,0,0,3,0,0,0,3,3,0,0,0,0,0,0,0,4,4,0,3,0,1,0
UC Santa Barbara Police Department,2022,1,17,1,2,0,16,0,1,0,0,0,0,0,0,0,4,9,0,0,0,0,0,1,1,2,2,0,2,1,1,1
UC Santa Cruz Police Department,2017,4,15,1,1,0,3,19,12,29,0,0,6,0,0,0,4,2,0,4,0,0,0,0,0,7,0,0,0,4,6,0
UC Santa Cruz Police Department,2018,5,46,0,1,0,23,48,12,26,0,0,7,0,0,0,6,3,0,3,0,0,0,0,0,10,0,0,0,2,1,1
UC Santa Cruz Police Department,2019,2,64,0,1,0,5,27,14,14,0,0,7,0,0,0,2,8,0,3,0,0,0,0,0,8,1,0,0,2,4,0
UC Santa Cruz Police Department,2020,1,9,0,0,0,20,3,7,4,0,0,1,0,0,0,0,0,0,0,0,0,0,0,0,4,1,0,0,7,0,0
UC Santa Cruz Police Department,2021,2,2,0,0,0,1,1,1,0,0,0,1,0,0,0,0,0,0,0,0,0,0,0,0,4,0,0,0,2,0,0
UC Santa Cruz Police Department,2022,0,4,0,0,0,3,1,0,0,0,1,3,0,0,0,4,0,0,0,0,0,0,0,1,11,0,0,0,0,3,0
Upland Police Department,2017,145,363,1,93,0,1,230,885,132,1,11,22,0,0,0,151,10,0,62,5,0,12,5,37,149,44,0,69,25,82,15
Upland Police Department,2018,159,357,3,135,0,2,220,1138,80,4,14,17,1,0,0,122,3,0,28,1,0,0,3,40,168,90,0,54,29,88,14
Upland Police Department,2019,157,222,4,90,0,10,166,900,33,3,15,23,2,0,0,117,1,0,12,5,1,3,4,48,176,82,0,14,16,73,8
Upland Police Department,2020,182,174,4,46,0,4,74,448,10,0,7,11,3,0,0,76,0,2,59,0,0,4,4,52,179,17,0,17,14,45,4
Upland Police Department,2021,49,278,0,10,0,46,39,100,0,1,2,14,0,0,0,37,1,0,0,1,1,0,1,15,73,17,0,5,12,23,1
Upland Police Department,2022,90,641,4,24,0,141,134,323,0,0,4,26,0,0,0,78,1,0,2,1,0,0,3,31,235,61,0,9,36,88,3
Vernon Police Department,2017,18,148,1,17,0,0,59,113,3,2,1,1,0,0,0,14,0,2,33,0,0,0,0,5,17,6,0,3,18,4,0
Vernon Police Department,2018,24,148,2,28,0,0,83,65,6,2,1,1,0,0,0,14,0,0,23,0,0,0,0,2,20,2,0,0,24,5,1
Vernon Police Department,2019,17,156,0,29,0,0,94,92,6,1,1,1,0,0,0,21,0,1,18,0,0,0,1,2,10,11,0,0,9,5,1
Vernon Police Department,2020,12,121,0,45,0,0,48,44,1,1,0,0,0,0,0,35,0,0,35,0,1,0,0,3,22,12,0,0,7,6,0
Vernon Police Department,2021,2,40,0,11,0,1,15,7,0,0,1,2,0,0,0,16,0,0,0,0,0,0,0,0,4,6,0,0,3,3,0
Vernon Police Department,2022,6,148,0,30,0,3,40,26,0,3,0,0,0,0,0,40,0,0,6,0,0,0,1,2,19,10,0,0,22,4,1
West Covina Police Department,2017,147,436,1,129,0,2,111,583,119,0,72,29,0,0,0,355,0,0,155,3,0,0,9,60,110,25,0,1,27,109,17
West Covina Police Department,2018,157,429,5,96,0,0,110,560,151,0,59,29,0,0,0,223,0,0,105,2,0,0,10,48,101,20,0,0,37,91,34
West Covina Police Department,2019,169,388,2,92,0,1,72,419,132,1,30,42,0,0,0,216,0,0,72,2,0,0,3,54,76,24,0,4,25,43,20
West Covina Police Department,2020,142,175,6,61,0,0,57,196,79,0,23,16,6,0,0,96,0,0,50,1,0,0,5,37,51,10,0,0,13,42,11
West Covina Police Department,2021,47,253,3,8,0,36,77,51,0,0,3,13,0,0,0,21,0,0,32,0,1,0,1,11,47,11,0,0,13,23,2
West Covina Police Department,2022,31,411,0,16,0,85,82,75,0,1,0,14,0,0,2,24,0,0,29,1,1,0,3,24,37,13,0,0,28,20,2
Williams Police Department,2017,16,15,0,3,0,2,9,27,9,0,0,2,0,0,0,0,0,0,2,0,0,0,0,2,10,0,0,0,2,1,0
Williams Police Department,2018,24,17,1,4,0,0,15,26,8,0,0,2,0,0,0,1,4,0,2,0,0,0,0,0,13,1,0,0,3,0,1
Williams Police Department,2019,15,26,0,1,0,0,20,27,4,0,2,1,0,0,0,1,0,0,0,0,0,0,1,1,15,0,0,0,0,2,2
Williams Police Department,2020,12,20,1,2,0,0,23,20,6,0,0,0,0,0,0,2,0,0,1,0,0,0,0,2,10,3,0,0,2,1,1
Williams Police Department,2021,2,22,0,0,0,5,11,5,0,0,0,1,0,0,0,0,0,0,0,0,0,0,0,2,2,0,0,0,0,1,0
Williams Police Department,2022,3,70,1,2,0,13,29,7,0,0,0,2,0,0,0,1,0,0,0,0,0,0,1,0,13,9,0,0,5,5,0
Woodland Police Department,2017,127,600,3,60,8,4,95,387,103,2,4,6,0,0,0,64,8,1,24,3,0,5,8,11,168,18,0,17,28,27,13
Woodland Police Department,2018,141,669,10,60,1,4,112,367,127,2,7,11,0,0,0,88,7,0,24,3,1,0,7,37,188,15,0,9,27,22,17
Woodland Police Department,2019,139,571,13,68,1,3,101,356,159,3,3,7,0,0,0,86,2,1,19,1,0,0,4,16,160,12,0,15,39,14,15
Woodland Police Department,2020,120,363,11,52,0,2,81,271,51,3,5,4,0,0,0,48,1,0,21,2,0,0,2,23,144,12,0,19,38,24,17
Woodland Police Department,2021,35,179,2,6,0,35,47,32,0,3,0,2,0,0,0,27,0,0,1,0,0,0,1,9,29,8,0,0,9,8,1
Woodland Police Department,2022,71,771,12,15,0,95,182,144,0,0,3,7,0,0,0,48,0,0,9,0,2,1,2,12,142,25,0,5,50,39,1
Yuba City Police Department,2017,271,883,6,123,11,6,190,559,260,4,12,16,1,0,0,286,6,0,47,3,2,0,8,30,240,37,0,16,68,94,20
Yuba City Police Department,2018,245,959,3,81,4,8,257,540,366,3,12,14,0,0,0,310,4,0,38,3,1,0,10,28,209,43,0,20,32,73,16
Yuba City Police Department,2019,250,943,6,102,0,8,241,635,369,4,14,15,0,0,0,353,2,0,30,2,0,0,6,25,232,54,0,12,31,69,16
Yuba City Police Department,2020,228,623,4,83,6,7,174,365,158,2,7,6,0,0,0,272,10,1,32,4,1,0,8,37,162,35,0,6,43,43,18
Yuba City Police Department,2021,7,87,0,6,0,15,17,27,0,0,1,7,0,0,0,14,0,0,3,0,0,0,1,2,12,9,0,0,10,1,0
Yuba City Police Department,2022,125,860,2,34,0,279,193,331,0,0,13,38,0,0,0,200,0,0,19,2,0,0,4,29,225,39,0,10,34,28,4
