,agency_id,agency_name,agency_type_name,ori,county_name,state_abbr,latitude,longitude
0,937,Alameda County Sheriff's Office,County,CA0010000,ALAMEDA,CA,37.802,-122.26236
1,938,Alameda Police Department,City,CA0010100,ALAMEDA,CA,37.766888,-122.24273
2,939,Albany Police Department,City,CA0010200,ALAMEDA,CA,37.887703,-122.29825
3,940,Berkeley Police Department,City,CA0010300,ALAMEDA,CA,37.870537,-122.27298
4,941,Emeryville Police Department,City,CA0010400,ALAMEDA,CA,37.648134,-121.913291
5,942,Fremont Police Department,City,CA0010500,ALAMEDA,CA,37.553017,-121.97069
6,943,Hayward Police Department,City,CA0010600,ALAMEDA,CA,37.662106,-122.08672
7,944,Livermore Police Department,City,CA0010700,ALAMEDA,CA,37.674633,-121.756935
8,945,Newark Police Department,City,CA0010800,ALAMEDA,CA,37.536236,-122.02951
9,946,Oakland Police Department,City,CA0010900,ALAMEDA,CA,37.79965,-122.27459
10,947,Piedmont Police Department,City,CA0011000,ALAMEDA,CA,37.824814,-122.23214
11,948,Pleasanton Police Department,City,CA0011100,ALAMEDA,CA,37.648134,-121.913291
12,949,San Leandro Police Department,City,CA0011200,ALAMEDA,CA,37.648134,-121.913291
13,950,Union City Police Department,City,CA0011300,ALAMEDA,CA,37.58882,-122.02747
14,951,East Bay Regional Parks: Alameda County,Other,CA0011400,ALAMEDA,CA,37.71378,-122.10035
15,952,California State University: East Bay,University or College,CA0011500,ALAMEDA,CA,37.658787,-122.062225
16,953,Union Pacific Railroad: Alameda County,Other,CA0011600,ALAMEDA,CA,37.798763,-122.24971
17,954,San Francisco Bay Area Rapid Transit: Alameda County,Other,CA0012100,ALAMEDA,CA,37.79742,-122.26664
18,959,Dublin Police Department,City,CA001300X,ALAMEDA,CA,37.799427,-122.262505
19,31874,California State Parks:,Other State Agency,CA0014100,ALAMEDA,CA,,
20,962,University of California: Berkeley,University or College,CA0019700,ALAMEDA,CA,37.648134,-121.913291
21,33936,Highway Patrol:,State Police,CA0019916,ALAMEDA,CA,,
22,33946,Highway Patrol:,State Police,CA0019945,ALAMEDA,CA,,
23,33994,Highway Patrol:,State Police,CA0019947,ALAMEDA,CA,,
24,34004,Highway Patrol:,State Police,CA0019970,ALAMEDA,CA,,
25,33870,Highway Patrol:,State Police,CA0019975,ALAMEDA,CA,,
26,33912,Highway Patrol:,State Police,CA0019990,ALAMEDA,CA,,
27,33972,Highway Patrol:,State Police,CA0019991,ALAMEDA,CA,,
28,965,Alpine County Sheriff's Office,County,CA0020000,ALPINE,CA,38.61761,-119.798999
29,967,Amador County Sheriff's Office,County,CA0030000,AMADOR,CA,38.352863,-120.7679
30,969,Ione Police Department,City,CA0030200,AMADOR,CA,38.44355,-120.653856
31,970,Jackson Police Department,City,CA0030300,AMADOR,CA,38.347904,-120.77274
32,972,Sutter Creek Police Department,City,CA0030500,AMADOR,CA,38.391117,-120.80235
33,973,Union Pacific Railroad: Amador County,Other,CA0030600,AMADOR,CA,37.798763,-122.24971
34,33834,Highway Patrol:,State Police,CA0039995,AMADOR,CA,,
35,975,Butte County Sheriff's Office,County,CA0040000,BUTTE,CA,39.665959,-121.601919
36,977,Chico Police Department,City,CA0040200,BUTTE,CA,39.735462,-121.81528
37,978,Gridley Police Department,City,CA0040300,BUTTE,CA,39.365505,-121.69721
38,979,Oroville Police Department,City,CA0040400,BUTTE,CA,39.508167,-121.554825
39,980,Paradise Police Department,City,CA0040500,BUTTE,CA,39.75336,-121.62395
40,981,Union Pacific Railroad: Butte County,Other,CA0040600,BUTTE,CA,37.798763,-122.24971
41,982,Department of Parks and Recreation: Northern Buttes,Other State Agency,CA0040700,BUTTE,CA,39.510296,-121.50341
42,985,California State University: Chico,University or College,CA0049700,BUTTE,CA,39.665959,-121.601919
43,34010,Highway Patrol:,State Police,CA0049940,AMADOR,CA,,
44,33878,Highway Patrol:,State Police,CA0049941,AMADOR,CA,,
45,988,Calaveras County Sheriff's Office,County,CA0050000,CALAVERAS,CA,38.19131,-120.66931
46,989,City of Angels Police Department,City,CA0050100,CALAVERAS,CA,38.184618,-120.5594
47,990,Union Pacific Railroad: Calaveras County,Other,CA0050200,CALAVERAS,CA,38.184618,-120.5594
48,991,Department of Parks and Recreation: Calaveras County,Other State Agency,CA0050300,CALAVERAS,CA,38.184618,-120.5594
49,34032,Highway Patrol:,State Police,CA0059955,CALAVERAS,CA,,
50,993,Colusa County Sheriff's Office,County,CA0060000,COLUSA,CA,39.205734,-122.00377
51,994,Colusa Police Department,City,CA0060100,COLUSA,CA,39.21383,-122.009544
52,995,Williams Police Department,City,CA0060200,COLUSA,CA,39.177739,-122.237563
53,996,Union Pacific Railroad: Colusa County,Other,CA0060300,COLUSA,CA,37.798763,-122.24971
54,34104,Highway Patrol:,State Police,CA0069955,COLUSA,CA,,
55,999,Contra Costa County Sheriff's Office,County,CA0070000,CONTRA COSTA,CA,38.01906,-122.13399
56,1000,Antioch Police Department,City,CA0070100,CONTRA COSTA,CA,37.919479,-121.951543
57,1001,Brentwood Police Department,City,CA0070200,CONTRA COSTA,CA,37.919037,-121.68469
58,1002,Clayton Police Department,City,CA0070300,CONTRA COSTA,CA,37.94229,-121.93776
59,1003,Concord Police Department,City,CA0070400,CONTRA COSTA,CA,37.919479,-121.951543
60,1004,El Cerrito Police Department,City,CA0070500,CONTRA COSTA,CA,37.916363,-122.31207
61,1005,Hercules Police Department,City,CA0070600,CONTRA COSTA,CA,38.00937,-122.26571
62,1006,Pinole Police Department,City,CA0070700,CONTRA COSTA,CA,38.00441,-122.290115
63,1007,Pittsburg Police Department,City,CA0070800,CONTRA COSTA,CA,37.919479,-121.951543
64,1008,Pleasant Hill Police Department,City,CA0070900,CONTRA COSTA,CA,37.96205,-122.070656
65,1009,Richmond Police Department,City,CA0071000,CONTRA COSTA,CA,37.919479,-121.951543
66,1010,San Pablo Police Department,City,CA0071100,CONTRA COSTA,CA,37.919479,-121.951543
67,1011,Walnut Creek Police Department,City,CA0071200,CONTRA COSTA,CA,37.919479,-121.951543
68,1012,Kensington Police Department,City,CA0071300,CONTRA COSTA,CA,37.919479,-121.951543
69,1013,Martinez Police Department,City,CA0071400,CONTRA COSTA,CA,38.01375,-122.13533
70,1014,Lafayette Police Department,City,CA0071500,CONTRA COSTA,CA,38.01906,-122.13399
71,1015,Moraga Police Department,City,CA0071600,CONTRA COSTA,CA,37.919479,-121.951543
72,1017,San Francisco Bay Area Rapid Transit: Contra Costa County,Other,CA0071800,CONTRA COSTA,CA,37.919479,-121.951543
73,1020,Contra Costa Community College,University or College,CA0072100,CONTRA COSTA,CA,38.01951,-122.13532
74,1021,Danville Police Department,City,CA007230X,CONTRA COSTA,CA,38.01906,-122.13399
75,1024,Orinda Police Department,City,CA007260X,CONTRA COSTA,CA,,
76,1025,Union Pacific Railroad: Contra Costa County,Other,CA0073300,CONTRA COSTA,CA,37.798763,-122.24971
77,1026,Oakley Police Department,City,CA007340X,CONTRA COSTA,CA,,
78,35731,San Ramon,City,CA0074000,CONTRA COSTA,CA,,
79,33888,Highway Patrol:,State Police,CA0079920,CONTRA COSTA,CA,,
80,1029,Del Norte County Sheriff's Office,County,CA0080000,DEL NORTE,CA,41.75284,-124.20048
81,1030,Crescent City Police Department,City,CA0080100,DEL NORTE,CA,41.754265,-124.20122
82,33900,Highway Patrol:,State Police,CA0089920,DEL NORTE,CA,,
83,1032,El Dorado County Sheriff's Office,County,CA0090000,EL DORADO,CA,38.785532,-120.534398
84,1033,Placerville Police Department,City,CA0090100,EL DORADO,CA,38.73032,-120.79018
85,1034,South Lake Tahoe Police Department,City,CA0090200,EL DORADO,CA,38.933025,-119.97075
86,1035,Union Pacific Railroad: El Dorado County,Other,CA009030X,EL DORADO,CA,37.798763,-122.24971
87,34014,Highway Patrol:,State Police,CA0099945,EL DORADO,CA,,
88,34064,Highway Patrol:,State Police,CA0099946,EL DORADO,CA,,
89,1039,Fresno County Sheriff's Office,County,CA0100000,FRESNO,CA,36.761006,-119.655019
90,1040,Clovis Police Department,City,CA0100100,FRESNO,CA,36.82397,-119.692795
91,35795,Coalinga State Hospital,Other State Agency,CA010015M,FRESNO,CA,,
92,1041,Coalinga Police Department,City,CA0100200,FRESNO,CA,36.139175,-120.362045
93,1042,Firebaugh Police Department,City,CA0100300,FRESNO,CA,36.761006,-119.655019
94,1043,Fowler Police Department,City,CA0100400,FRESNO,CA,36.630894,-119.67752
95,1044,Fresno Police Department,City,CA0100500,FRESNO,CA,36.761006,-119.655019
96,1045,Huron Police Department,City,CA0100600,FRESNO,CA,36.761006,-119.655019
97,1046,Kerman Police Department,City,CA0100700,FRESNO,CA,36.722088,-120.06027
98,1047,Kingsburg Police Department,City,CA0100800,FRESNO,CA,36.761006,-119.655019
99,1048,Mendota Police Department,City,CA0100900,FRESNO,CA,36.759174,-120.373276
100,1049,Orange Cove Police Department,City,CA0101000,FRESNO,CA,36.761006,-119.655019
101,1050,Parlier Police Department,City,CA0101100,FRESNO,CA,36.761006,-119.655019
102,1051,Reedley Police Department,City,CA0101200,FRESNO,CA,36.598927,-119.453575
103,1052,Sanger Police Department,City,CA0101300,FRESNO,CA,36.70591,-119.56111
104,1054,Selma Police Department,City,CA0101500,FRESNO,CA,36.567337,-119.611984
105,1055,State Center Community College District,University or College,CA0101700,FRESNO,CA,36.739437,-119.79724
106,1058,Union Pacific Railroad: Fresno County,Other,CA0102400,FRESNO,CA,37.798763,-122.24971
107,1059,Department of Parks and Recreation: San Joaquin,Other State Agency,CA0103000,FRESNO,CA,36.761006,-119.655019
108,33679,Clovis Unified School District,Other,CA0103500,FRESNO,CA,,
109,1061,California State University: Fresno,University or College,CA0109700,FRESNO,CA,36.81583,-119.748314
110,33872,Highway Patrol:,State Police,CA0109901,FRESNO,CA,,
111,33874,Highway Patrol:,State Police,CA0109912,FRESNO,CA,,
112,34122,Highway Patrol:,State Police,CA0109913,FRESNO,CA,,
113,33926,Highway Patrol:,State Police,CA0109935,FRESNO,CA,,
114,33884,Highway Patrol:,State Police,CA0109995,FRESNO,CA,,
115,1065,Glenn County Sheriff's Office,County,CA0110000,GLENN,CA,39.602546,-122.4017
116,1066,Orland Police Department,City,CA0110100,GLENN,CA,39.602546,-122.4017
117,1068,Union Pacific Railroad: Glenn County,Other,CA011030X,GLENN,CA,37.798763,-122.24971
118,34106,Highway Patrol:,State Police,CA0119960,GLENN,CA,,
119,1070,Humboldt County Sheriff's Office,County,CA0120000,HUMBOLDT,CA,40.803238,-124.162575
120,1071,Arcata Police Department,City,CA0120100,HUMBOLDT,CA,40.867355,-124.085144
121,1073,Eureka Police Department,City,CA0120300,HUMBOLDT,CA,40.80052,-124.16893
122,1074,Ferndale Police Department,City,CA0120400,HUMBOLDT,CA,40.706673,-123.925818
123,1075,Fortuna Police Department,City,CA0120500,HUMBOLDT,CA,40.597363,-124.155525
124,1077,Rio Dell Police Department,City,CA0120700,HUMBOLDT,CA,40.497326,-124.105644
125,1078,Humboldt State University,University or College,CA0120800,HUMBOLDT,CA,40.706673,-123.925818
126,1079,Union Pacific Railroad: Humboldt County,Other,CA012090X,HUMBOLDT,CA,37.798763,-122.24971
127,1081,Department of Parks and Recreation: North Coast Redwoods,Other State Agency,CA0121100,HUMBOLDT,CA,40.706673,-123.925818
128,33950,Highway Patrol:,State Police,CA0129925,HUMBOLDT,CA,,
129,33928,Highway Patrol:,State Police,CA0129926,HUMBOLDT,CA,,
130,1083,Imperial County Sheriff's Office,County,CA0130000,IMPERIAL,CA,33.040816,-115.355395
131,1084,Brawley Police Department,City,CA0130100,IMPERIAL,CA,32.978657,-115.53716
132,1085,Calexico Police Department,City,CA0130200,IMPERIAL,CA,32.669827,-115.49314
133,1086,Calipatria Police Department,City,CA0130300,IMPERIAL,CA,33.040816,-115.355395
134,1087,El Centro Police Department,City,CA0130400,IMPERIAL,CA,32.793327,-115.56443
135,1088,Holtville Police Department,City,CA0130500,IMPERIAL,CA,32.81098,-115.379875
136,1089,Imperial Police Department,City,CA0130600,IMPERIAL,CA,32.844448,-115.569954
137,1090,Westmorland Police Department,City,CA0130700,IMPERIAL,CA,33.040816,-115.355395
138,1091,Union Pacific Railroad: Imperial County,Other,CA013080X,IMPERIAL,CA,37.798763,-122.24971
139,34108,Highway Patrol:,State Police,CA0139920,IMPERIAL,CA,,
140,33922,Highway Patrol:,State Police,CA0139925,IMPERIAL,CA,,
141,33862,Highway Patrol:,State Police,CA0139926,IMPERIAL,CA,,
142,1095,Inyo County Sheriff's Office,County,CA0140000,INYO,CA,36.561977,-117.403927
143,1096,Bishop Police Department,City,CA0140100,INYO,CA,37.361378,-118.39636
144,1097,Union Pacific Railroad: Inyo County,Other,CA014030X,INYO,CA,37.798763,-122.24971
145,33848,Highway Patrol:,State Police,CA0149925,INYO,CA,,
146,1099,Kern County Sheriff's Office,County,CA0150000,KERN,CA,35.419617,-119.04741
147,1100,Arvin Police Department,City,CA0150100,KERN,CA,35.346629,-118.729506
148,1101,Bakersfield Police Department,City,CA0150200,KERN,CA,35.346629,-118.729506
149,1102,Delano Police Department,City,CA0150300,KERN,CA,35.346629,-118.729506
150,1104,McFarland Police Department,City,CA0150500,KERN,CA,35.67801,-119.23241
151,1105,Ridgecrest Police Department,City,CA0150600,KERN,CA,35.620674,-117.6702
152,1106,Shafter Police Department,City,CA0150700,KERN,CA,35.499836,-119.27048
153,1107,Taft Police Department,City,CA0150800,KERN,CA,35.134575,-119.442215
154,1108,Tehachapi Police Department,City,CA0150900,KERN,CA,35.13094,-118.447235
155,1110,California City Police Department,City,CA0151100,KERN,CA,35.127663,-117.9599
156,35733,California State University:,University or College,CA0151200,KERN,CA,,
157,1112,Stallion Springs Police Department,City,CA0151400,KERN,CA,35.082546,-118.63749
158,1113,Bear Valley Police Department,City,CA0151500,KERN,CA,35.134567,-118.574615
159,27731,Kern High School District,Other,CA0152100,KERN,CA,,
160,1116,Union Pacific Railroad: Kern County,Other,CA0152200,KERN,CA,37.798763,-122.24971
161,34120,Highway Patrol:,State Police,CA0159912,KERN,CA,,
162,33842,Highway Patrol:,State Police,CA0159920,KERN,CA,,
163,33940,Highway Patrol:,State Police,CA0159924,KERN,CA,,
164,33860,Highway Patrol:,State Police,CA0159926,KERN,CA,,
165,33976,Highway Patrol:,State Police,CA0159930,KERN,CA,,
166,33924,Highway Patrol:,State Police,CA0159960,KERN,CA,,
167,1120,Kings County Sheriff's Office,County,CA0160000,KINGS,CA,36.072478,-119.81553
168,1121,Corcoran Police Department,City,CA0160100,KINGS,CA,36.099304,-119.55968
169,1122,Hanford Police Department,City,CA0160200,KINGS,CA,36.329308,-119.64769
170,1123,Lemoore Police Department,City,CA0160300,KINGS,CA,36.307163,-119.78825
171,1125,Union Pacific Railroad: Kings County,Other,CA0160500,KINGS,CA,37.798763,-122.24971
172,35721,Avenal,City,CA0160800,KINGS,CA,,
173,33944,Highway Patrol:,State Police,CA0169940,KINGS,CA,,
174,1130,Lake County Sheriff's Office,County,CA0170000,LAKE,CA,39.094802,-122.746757
175,1131,Lakeport Police Department,City,CA0170100,LAKE,CA,39.047752,-122.91607
176,1132,Clearlake Police Department,City,CA0170200,LAKE,CA,39.094802,-122.746757
177,33882,Highway Patrol:,State Police,CA0179951,LAKE,CA,,
178,1135,Lassen County Sheriff's Office,County,CA0180000,LASSEN,CA,40.425034,-120.64766
179,1136,Susanville Police Department,City,CA0180100,LASSEN,CA,40.415127,-120.64738
180,1137,Union Pacific Railroad: Lassen County,Other,CA018030X,LASSEN,CA,37.798763,-122.24971
181,34076,Highway Patrol:,State Police,CA0189940,LASSEN,CA,,
182,1141,Los Angeles County Sheriff's Office,County,CA0190000,LOS ANGELES,CA,34.196398,-118.261862
183,1142,Alhambra Police Department,City,CA0190100,LOS ANGELES,CA,34.092934,-118.12671
184,1143,Arcadia Police Department,City,CA0190200,LOS ANGELES,CA,34.138,-118.03953
185,1144,Artesia Police Department,City,CA0190300,LOS ANGELES,CA,34.06067,-118.167885
186,1145,Avalon Police Department,City,CA0190400,LOS ANGELES,CA,34.06067,-118.167885
187,1146,Azusa Police Department,City,CA0190500,LOS ANGELES,CA,34.13403,-117.90616
188,1147,Baldwin Park Police Department,City,CA0190600,LOS ANGELES,CA,34.085308,-117.96031
189,1148,Bell Police Department,City,CA0190700,LOS ANGELES,CA,33.979942,-118.18879
190,1149,Bellflower Police Department,City,CA0190800,LOS ANGELES,CA,34.06067,-118.167885
191,1150,Bell Gardens Police Department,City,CA0190900,LOS ANGELES,CA,33.967304,-118.15043
192,1151,El Camino College,University or College,CA0190C00,LOS ANGELES,CA,33.8855,-118.32652
193,1152,La Habra Heights Police Department,City,CA0190D0X,LOS ANGELES,CA,34.06067,-118.167885
194,1156,Union Pacific Railroad: Los Angeles County,Other,CA0190I00,LOS ANGELES,CA,37.798763,-122.24971
195,1157,Los Angeles County Metropolitan Transportation Authority,Other,CA0190K00,LOS ANGELES,CA,34.196398,-118.261862
196,1160,Pasadena Community College,University or College,CA0190R00,LOS ANGELES,CA,34.196398,-118.261862
197,1161,Westlake Village Police Department,City,CA0190X0X,LOS ANGELES,CA,34.06067,-118.167885
198,1162,Beverly Hills Police Department,City,CA0191000,LOS ANGELES,CA,34.073654,-118.40051
199,1163,Bradbury Police Department,City,CA0191100,LOS ANGELES,CA,34.06067,-118.167885
200,1164,Burbank Police Department,City,CA0191200,LOS ANGELES,CA,34.196398,-118.261862
201,1165,Claremont Police Department,City,CA0191300,LOS ANGELES,CA,34.0965,-117.72234
202,1166,Commerce Police Department,City,CA0191400,LOS ANGELES,CA,34.06067,-118.167885
203,1167,Compton Police Department,City,CA0191500,LOS ANGELES,CA,34.196398,-118.261862
204,1168,Covina Police Department,City,CA0191600,LOS ANGELES,CA,34.08973,-117.890114
205,1169,Cudahy Police Department,City,CA0191700,LOS ANGELES,CA,33.98755,-118.189354
206,1170,Culver City Police Department,City,CA0191800,LOS ANGELES,CA,34.0207,-118.39563
207,1171,Cerritos Police Department,City,CA0191900,LOS ANGELES,CA,34.06067,-118.167885
208,1175,Agoura Hills Police Department,City,CA0191F00,LOS ANGELES,CA,34.06067,-118.167885
209,1176,West Hollywood Police Department,City,CA0191H0X,LOS ANGELES,CA,34.083508,-118.38372
210,29494,Baldwin Park Unified School District,Other,CA0191N00,LOS ANGELES,CA,,
211,1177,Santa Clarita Police Department,City,CA0191R0X,LOS ANGELES,CA,34.06067,-118.167885
212,1178,Diamond Bar Police Department,City,CA0191W0X,LOS ANGELES,CA,34.06067,-118.167885
213,1179,Downey Police Department,City,CA0192000,LOS ANGELES,CA,34.196398,-118.261862
214,1180,Duarte Police Department,City,CA0192100,LOS ANGELES,CA,34.06067,-118.167885
215,1181,El Monte Police Department,City,CA0192200,LOS ANGELES,CA,34.196398,-118.261862
216,1182,El Segundo Police Department,City,CA0192300,LOS ANGELES,CA,33.919888,-118.41592
217,1183,Gardena Police Department,City,CA0192400,LOS ANGELES,CA,34.196398,-118.261862
218,1184,Glendale Police Department,City,CA0192500,LOS ANGELES,CA,34.14695,-118.24886
219,1185,Glendora Police Department,City,CA0192600,LOS ANGELES,CA,34.135105,-117.86546
220,1186,Hawaiian Gardens Police Department,City,CA0192700,LOS ANGELES,CA,34.196398,-118.261862
221,1187,Hawthorne Police Department,City,CA0192800,LOS ANGELES,CA,33.919025,-118.35244
222,1188,Hermosa Beach Police Department,City,CA0192900,LOS ANGELES,CA,34.196398,-118.261862
223,1189,Calabasas Police Department,City,CA0192H0X,LOS ANGELES,CA,34.06067,-118.167885
224,1190,Malibu Police Department,City,CA0192J0X,LOS ANGELES,CA,34.06067,-118.167885
225,1193,Los Angeles Transportation Services Bureau,Other,CA0192U0X,LOS ANGELES,CA,34.06067,-118.167885
226,1194,Hidden Hills Police Department,City,CA0193000,LOS ANGELES,CA,34.06067,-118.167885
227,1195,Huntington Park Police Department,City,CA0193100,LOS ANGELES,CA,33.979866,-118.219055
228,1196,Industry Police Department,City,CA0193200,LOS ANGELES,CA,34.06067,-118.167885
229,1197,Inglewood Police Department,City,CA0193300,LOS ANGELES,CA,34.196398,-118.261862
230,1198,Irwindale Police Department,City,CA0193400,LOS ANGELES,CA,34.10423,-117.934135
231,1199,Lakewood Police Department,City,CA0193500,LOS ANGELES,CA,34.06067,-118.167885
232,1200,La Mirada Police Department,City,CA0193600,LOS ANGELES,CA,34.196398,-118.261862
233,1201,La Puente Police Department,City,CA0193700,LOS ANGELES,CA,34.06067,-118.167885
234,1202,La Verne Police Department,City,CA0193800,LOS ANGELES,CA,34.196398,-118.261862
235,1203,Lawndale Police Department,City,CA0193900,LOS ANGELES,CA,34.06067,-118.167885
236,1204,Lomita Police Department,City,CA0194000,LOS ANGELES,CA,34.06067,-118.167885
237,1205,Long Beach Police Department,City,CA0194100,LOS ANGELES,CA,34.196398,-118.261862
238,1206,Los Angeles Police Department,City,CA0194200,LOS ANGELES,CA,34.196398,-118.261862
239,1207,Lynwood Police Department,City,CA0194300,LOS ANGELES,CA,34.06067,-118.167885
240,1208,Manhattan Beach Police Department,City,CA0194400,LOS ANGELES,CA,33.887936,-118.41001
241,1209,Maywood Police Department,City,CA0194500,LOS ANGELES,CA,33.987534,-118.18923
242,1210,Monrovia Police Department,City,CA0194600,LOS ANGELES,CA,34.148067,-118.00008
243,1211,Montebello Police Department,City,CA0194700,LOS ANGELES,CA,34.019287,-118.11615
244,1212,Monterey Park Police Department,City,CA0194800,LOS ANGELES,CA,34.05978,-118.12597
245,1213,Norwalk Police Department,City,CA0194900,LOS ANGELES,CA,34.06067,-118.167885
246,1214,Palmdale Police Department,City,CA0195000,LOS ANGELES,CA,34.06067,-118.167885
247,1215,Palos Verdes Estates Police Department,City,CA0195100,LOS ANGELES,CA,34.196398,-118.261862
248,1216,Paramount Police Department,City,CA0195200,LOS ANGELES,CA,34.06067,-118.167885
249,1217,Pasadena Police Department,City,CA0195300,LOS ANGELES,CA,34.149437,-118.1443
250,1218,Pico Rivera Police Department,City,CA0195400,LOS ANGELES,CA,34.06067,-118.167885
251,1219,Pomona Police Department,City,CA0195500,LOS ANGELES,CA,34.05499,-117.75431
252,1220,Redondo Beach Police Department,City,CA0195600,LOS ANGELES,CA,33.844234,-118.38821
253,1221,Rolling Hills Police Department,City,CA0195700,LOS ANGELES,CA,34.06067,-118.167885
254,1222,Rolling Hills Estates Police Department,City,CA0195800,LOS ANGELES,CA,34.06067,-118.167885
255,1223,Rosemead Police Department,City,CA0195900,LOS ANGELES,CA,34.06067,-118.167885
256,1224,San Dimas Police Department,City,CA0196000,LOS ANGELES,CA,34.06067,-118.167885
257,1225,San Fernando Police Department,City,CA0196100,LOS ANGELES,CA,34.283566,-118.43928
258,1226,San Gabriel Police Department,City,CA0196200,LOS ANGELES,CA,34.196398,-118.261862
259,1227,San Marino Police Department,City,CA0196300,LOS ANGELES,CA,34.121788,-118.106316
260,1228,Santa Fe Springs Police Department,City,CA0196400,LOS ANGELES,CA,33.974472,-118.03265
261,1229,Santa Monica Police Department,City,CA0196500,LOS ANGELES,CA,34.01294,-118.49036
262,1230,Sierra Madre Police Department,City,CA0196600,LOS ANGELES,CA,34.161842,-118.05774
263,1231,Signal Hill Police Department,City,CA0196700,LOS ANGELES,CA,33.7971,-118.16873
264,1232,South El Monte Police Department,City,CA0196800,LOS ANGELES,CA,34.06067,-118.167885
265,1233,South Gate Police Department,City,CA0196900,LOS ANGELES,CA,33.95646,-118.20569
266,1234,South Pasadena Police Department,City,CA0197000,LOS ANGELES,CA,34.11581,-118.1524
267,1235,Temple City Police Department,City,CA0197100,LOS ANGELES,CA,34.06067,-118.167885
268,1236,Torrance Police Department,City,CA0197200,LOS ANGELES,CA,33.84033,-118.34455
269,1237,Vernon Police Department,City,CA0197300,LOS ANGELES,CA,34.196398,-118.261862
270,1238,Walnut Police Department,City,CA0197400,LOS ANGELES,CA,34.06067,-118.167885
271,1239,West Covina Police Department,City,CA0197500,LOS ANGELES,CA,34.072132,-117.93709
272,1240,Whittier Police Department,City,CA0197600,LOS ANGELES,CA,33.974472,-118.03265
273,1241,Carson Police Department,City,CA0197700,LOS ANGELES,CA,34.06067,-118.167885
274,1242,California State Polytechnic University: Pomona,University or College,CA0197800,LOS ANGELES,CA,34.04983,-117.81568
275,1243,Rancho Palos Verdes Police Department,City,CA0198000,LOS ANGELES,CA,34.06067,-118.167885
276,1244,California State University: Dominguez Hills,University or College,CA0198100,LOS ANGELES,CA,33.867218,-118.25527
277,1245,California State University: Long Beach,University or College,CA0198200,LOS ANGELES,CA,33.783516,-118.10802
278,1246,California State University: Los Angeles,University or College,CA0198300,LOS ANGELES,CA,34.06248,-118.16909
279,1247,California State University: Northridge,University or College,CA0198400,LOS ANGELES,CA,34.235504,-118.52776
280,1248,La Canada Flintridge Police Department,City,CA019900X,LOS ANGELES,CA,34.06067,-118.167885
281,1249,Lancaster Police Department,City,CA019960X,LOS ANGELES,CA,34.06067,-118.167885
282,1250,University of California: Los Angeles,University or College,CA0199700,LOS ANGELES,CA,34.068478,-118.44505
283,34070,Highway Patrol:,State Police,CA0199901,LOS ANGELES,CA,,
284,34072,Highway Patrol:,State Police,CA0199910,LOS ANGELES,CA,,
285,33844,Highway Patrol:,State Police,CA0199925,LOS ANGELES,CA,,
286,34066,Highway Patrol:,State Police,CA0199930,LOS ANGELES,CA,,
287,33916,Highway Patrol:,State Police,CA0199935,LOS ANGELES,CA,,
288,33992,Highway Patrol:,State Police,CA0199940,LOS ANGELES,CA,,
289,33868,Highway Patrol:,State Police,CA0199941,LOS ANGELES,CA,,
290,33836,Highway Patrol:,State Police,CA0199945,LOS ANGELES,CA,,
291,34058,Highway Patrol:,State Police,CA0199950,LOS ANGELES,CA,,
292,34098,Highway Patrol:,State Police,CA0199965,LOS ANGELES,CA,,
293,33830,Highway Patrol:,State Police,CA0199975,LOS ANGELES,CA,,
294,34100,Highway Patrol:,State Police,CA0199980,LOS ANGELES,CA,,
295,33876,Highway Patrol:,State Police,CA0199990,LOS ANGELES,CA,,
296,33908,Highway Patrol:,State Police,CA0199998,LOS ANGELES,CA,,
297,27373,Metropolitan State Hospital,Other State Agency,CA019A900,LOS ANGELES,CA,,
298,1253,Madera County Sheriff's Office,County,CA0200000,MADERA,CA,36.953354,-120.03757
299,1254,Chowchilla Police Department,City,CA0200100,MADERA,CA,37.122593,-120.25846
300,1255,Madera Police Department,City,CA0200200,MADERA,CA,37.210039,-119.749852
301,1257,Union Pacific Railroad: Madera County,Other,CA020040X,MADERA,CA,37.79885,-122.30563
302,33964,Highway Patrol:,State Police,CA0209950,MADERA,CA,,
303,34002,Highway Patrol:,State Police,CA0209956,MADERA,CA,,
304,1260,Marin County Sheriff's Office,County,CA0210000,MARIN,CA,38.001637,-122.53674
305,1261,Belvedere Police Department,City,CA0210100,MARIN,CA,37.874096,-122.46572
306,1263,Fairfax Police Department,City,CA0210300,MARIN,CA,37.98493,-122.59092
307,1265,Mill Valley Police Department,City,CA0210500,MARIN,CA,37.90565,-122.57148
308,1266,Novato Police Department,City,CA0210600,MARIN,CA,38.106064,-122.56927
309,1267,Ross Police Department,City,CA0210700,MARIN,CA,38.051817,-122.745974
310,1269,San Rafael Police Department,City,CA0210900,MARIN,CA,38.051817,-122.745974
311,1270,Sausalito Police Department,City,CA0211000,MARIN,CA,37.858112,-122.484436
312,1271,Tiburon Police Department,City,CA0211100,MARIN,CA,37.880222,-122.46468
313,1272,Union Pacific Railroad: Marin County,Other,CA021120X,MARIN,CA,37.798763,-122.24971
314,1273,Marin Community College,University or College,CA0211300,MARIN,CA,38.051817,-122.745974
315,25263,Central Marin Police Department,City,CA0211700,MARIN,CA,,
316,33966,Highway Patrol:,State Police,CA0219950,MARIN,CA,,
317,1277,Mariposa County Sheriff's Office,County,CA0220000,MARIPOSA,CA,37.570033,-119.91286
318,33968,Highway Patrol:,State Police,CA0229955,MARIPOSA,CA,,
319,1279,Mendocino County Sheriff's Office,County,CA0230000,MENDOCINO,CA,39.432388,-123.442881
320,1280,Fort Bragg Police Department,City,CA0230100,MENDOCINO,CA,39.432667,-123.80412
321,1282,Ukiah Police Department,City,CA0230300,MENDOCINO,CA,39.432388,-123.442881
322,1283,Willits Police Department,City,CA0230400,MENDOCINO,CA,39.41243,-123.35326
323,1286,Union Pacific Railroad: Mendocino County,Other,CA0230900,MENDOCINO,CA,39.432388,-123.442881
324,34086,Highway Patrol:,State Police,CA0239950,MENDOCINO,CA,,
325,1288,Merced County Sheriff's Office,County,CA0240000,MERCED,CA,37.307518,-120.48352
326,1289,Atwater Police Department,City,CA0240100,MERCED,CA,37.36044,-120.600685
327,1290,Dos Palos Police Department,City,CA0240200,MERCED,CA,36.98548,-120.62781
328,1291,Gustine Police Department,City,CA0240300,MERCED,CA,37.194806,-120.722802
329,1292,Livingston Police Department,City,CA0240400,MERCED,CA,37.385117,-120.72305
330,1293,Los Banos Police Department,City,CA0240500,MERCED,CA,37.061142,-120.849655
331,1294,Merced Police Department,City,CA0240600,MERCED,CA,37.307243,-120.48267
332,1296,Union Pacific Railroad: Merced County,Other,CA024080X,MERCED,CA,37.798763,-122.24971
333,1298,Department of Parks and Recreation: Four Rivers District,Other State Agency,CA0241000,MERCED,CA,37.065716,-121.07188
334,1299,University of California: Merced,University or College,CA0241200,MERCED,CA,37.365295,-120.43214
335,33970,Highway Patrol:,State Police,CA0249960,MERCED,CA,,
336,33962,Highway Patrol:,State Police,CA0249961,MERCED,CA,,
337,33880,Highway Patrol:,State Police,CA0249964,MERCED,CA,,
338,1302,Modoc County Sheriff's Office,County,CA0250000,MODOC,CA,41.592918,-120.71837
339,1303,Alturas Police Department,City,CA0250100,MODOC,CA,41.483387,-120.54352
340,1304,Union Pacific Railroad: Modoc County,Other,CA025020X,MODOC,CA,37.798763,-122.24971
341,33832,Highway Patrol:,State Police,CA0259970,MODOC,CA,,
342,1306,Mono County Sheriff's Office,County,CA0260000,MONO,CA,37.915836,-118.875167
343,1307,Mammoth Lakes Police Department,City,CA0260100,MONO,CA,37.915836,-118.875167
344,33856,Highway Patrol:,State Police,CA0269920,MONO,CA,,
345,1310,Monterey County Sheriff's Office,County,CA0270000,MONTEREY,CA,36.70181,-121.63269
346,1311,Carmel Police Department,City,CA0270100,MONTEREY,CA,36.240107,-121.315573
347,1312,Del Rey Oaks Police Department,City,CA0270200,MONTEREY,CA,36.592197,-121.833786
348,1313,Gonzales Police Department,City,CA0270300,MONTEREY,CA,36.240107,-121.315573
349,1314,Greenfield Police Department,City,CA0270400,MONTEREY,CA,36.32111,-121.2436
350,1315,King City Police Department,City,CA0270500,MONTEREY,CA,36.211166,-121.12721
351,1316,Monterey Police Department,City,CA0270600,MONTEREY,CA,36.596924,-121.89759
352,1317,Pacific Grove Police Department,City,CA0270700,MONTEREY,CA,36.618847,-121.91879
353,1318,Salinas Police Department,City,CA0270800,MONTEREY,CA,36.674767,-121.65718
354,1319,Sand City Police Department,City,CA0270900,MONTEREY,CA,36.61363,-121.84962
355,1320,Seaside Police Department,City,CA0271000,MONTEREY,CA,36.604176,-121.85408
356,1321,Soledad Police Department,City,CA0271100,MONTEREY,CA,36.240107,-121.315573
357,1322,Marina Police Department,City,CA0271200,MONTEREY,CA,36.68176,-121.80256
358,1324,Union Pacific Railroad: Monterey County,Other,CA027150X,MONTEREY,CA,37.798763,-122.24971
359,1326,Department of Parks and Recreation: Monterey County,Other State Agency,CA0271700,MONTEREY,CA,36.603165,-121.89437
360,1327,California State University: Monterey Bay,University or College,CA0271900,MONTEREY,CA,36.654827,-121.806145
361,33978,Highway Patrol:,State Police,CA0279930,MONO,CA,,
362,33960,Highway Patrol:,State Police,CA0279935,MONO,CA,,
363,1329,Napa County Sheriff's Office,County,CA0280000,NAPA,CA,38.5071,-122.325905
364,1330,Calistoga Police Department,City,CA0280100,NAPA,CA,38.57867,-122.57926
365,1331,Napa Police Department,City,CA0280200,NAPA,CA,38.5071,-122.325905
366,1332,St. Helena Police Department,City,CA0280300,NAPA,CA,38.50604,-122.47157
367,1333,Union Pacific Railroad: Napa County,Other,CA028060X,NAPA,CA,37.798763,-122.24971
368,1335,Napa State Hospital,Other State Agency,CA0280800,NAPA,CA,38.270035,-122.27173
369,35737,American Canyon,City,CA028090X,NAPA,CA,,
370,35735,Yountville,City,CA028100X,NAPA,CA,,
371,33988,Highway Patrol:,State Police,CA0289925,NAPA,CA,,
372,1339,Nevada County Sheriff's Office,County,CA0290000,NEVADA,CA,39.269234,-121.024475
373,1340,Grass Valley Police Department,City,CA0290100,NEVADA,CA,39.218174,-121.06191
374,1341,Nevada City Police Department,City,CA0290200,NEVADA,CA,39.262844,-121.01968
375,1342,Union Pacific Railroad: Nevada County,Other,CA029030X,NEVADA,CA,37.798763,-122.24971
376,1344,Truckee Police Department,City,CA0290800,NEVADA,CA,39.295191,-120.773446
377,34084,Highway Patrol:,State Police,CA0299922,NEVADA,CA,,
378,33910,Highway Patrol:,State Police,CA0299923,NEVADA,CA,,
379,33942,Highway Patrol:,State Police,CA0299930,NEVADA,CA,,
380,1346,Orange County Sheriff's Office,County,CA0300000,ORANGE,CA,33.675687,-117.777207
381,1347,Anaheim Police Department,City,CA0300100,ORANGE,CA,33.675687,-117.777207
382,1348,Brea Police Department,City,CA0300200,ORANGE,CA,33.917824,-117.889275
383,1349,Buena Park Police Department,City,CA0300300,ORANGE,CA,33.86387,-117.99804
384,1350,Costa Mesa Police Department,City,CA0300400,ORANGE,CA,33.675687,-117.777207
385,1351,Cypress Police Department,City,CA0300500,ORANGE,CA,33.675687,-117.777207
386,1352,La Palma Police Department,City,CA0300600,ORANGE,CA,33.849407,-118.03725
387,1353,Fountain Valley Police Department,City,CA0300700,ORANGE,CA,33.70901,-117.95065
388,1354,Fullerton Police Department,City,CA0300800,ORANGE,CA,33.870346,-117.92736
389,1355,Garden Grove Police Department,City,CA0300900,ORANGE,CA,33.675687,-117.777207
390,1356,Huntington Beach Police Department,City,CA0301000,ORANGE,CA,33.675687,-117.777207
391,1357,Laguna Beach Police Department,City,CA0301100,ORANGE,CA,33.545933,-117.78176
392,1358,La Habra Police Department,City,CA0301200,ORANGE,CA,33.93234,-117.946106
393,1359,Los Alamitos Police Department,City,CA0301300,ORANGE,CA,33.803204,-118.07573
394,1360,Newport Beach Police Department,City,CA0301400,ORANGE,CA,33.675687,-117.777207
395,1361,Orange Police Department,City,CA0301500,ORANGE,CA,33.808765,-117.8617
396,1362,Placentia Police Department,City,CA0301600,ORANGE,CA,33.871143,-117.86279
397,1363,San Clemente Police Department,City,CA0301700,ORANGE,CA,33.675687,-117.777207
398,1364,San Juan Capistrano Police Department,City,CA0301800,ORANGE,CA,33.675687,-117.777207
399,1365,Santa Ana Police Department,City,CA0301900,ORANGE,CA,33.675687,-117.777207
400,1366,Seal Beach Police Department,City,CA0302000,ORANGE,CA,33.675687,-117.777207
401,1367,Stanton Police Department,City,CA0302100,ORANGE,CA,33.675687,-117.777207
402,1368,Tustin Police Department,City,CA0302200,ORANGE,CA,33.743816,-117.81884
403,1369,Villa Park Police Department,City,CA0302300,ORANGE,CA,33.675687,-117.777207
404,1370,Westminster Police Department,City,CA0302400,ORANGE,CA,33.75929,-117.986336
405,1371,Yorba Linda Police Department,City,CA0302500,ORANGE,CA,33.917824,-117.889275
406,1372,Irvine Police Department,City,CA0302600,ORANGE,CA,33.675687,-117.777207
407,1373,California State University: Fullerton,University or College,CA0302700,ORANGE,CA,33.878124,-117.88965
408,1375,Union Pacific Railroad: Orange County,Other,CA030290X,ORANGE,CA,37.798763,-122.24971
409,1377,Department of Parks and Recreation: Orange Coast,Other State Agency,CA0303200,ORANGE,CA,33.565712,-117.828354
410,1379,Fairview Developmental Center,Other State Agency,CA030340X,ORANGE,CA,33.663307,-117.91929
411,1380,Mission Viejo Police Department,City,CA030350X,ORANGE,CA,,
412,1381,Dana Point Police Department,City,CA030360X,ORANGE,CA,,
413,1382,Laguna Niguel Police Department,City,CA030390X,ORANGE,CA,,
414,1383,Laguna Hills Police Department,City,CA030420X,ORANGE,CA,,
415,1384,Lake Forest Police Department,City,CA030430X,ORANGE,CA,,
416,1385,Laguna Woods Police Department,City,CA030470X,ORANGE,CA,,
417,1386,Rancho Santa Margarita Police Department,City,CA030480X,ORANGE,CA,,
418,1387,Aliso Viejo Police Department,City,CA030490X,ORANGE,CA,,
419,25902,Irvine Valley College,University or College,CA0309600,ORANGE,CA,33.675687,-117.777207
420,1389,University of California: Irvine,University or College,CA0309700,ORANGE,CA,33.675687,-117.777207
421,34102,Highway Patrol:,State Police,CA0309970,ORANGE,CA,,
422,34048,Highway Patrol:,State Police,CA0309975,ORANGE,CA,,
423,33864,Highway Patrol:,State Police,CA0309990,ORANGE,CA,,
424,1392,Placer County Sheriff's Office,County,CA0310000,PLACER,CA,39.062032,-120.722718
425,1393,Auburn Police Department,City,CA0310100,PLACER,CA,38.89784,-121.074745
426,1395,Lincoln Police Department,City,CA0310300,PLACER,CA,38.894478,-121.2937
427,1396,Rocklin Police Department,City,CA0310400,PLACER,CA,38.790062,-121.23455
428,1397,Roseville Police Department,City,CA0310500,PLACER,CA,38.760094,-121.2959
429,1399,Department of Parks and Recreation: Sierra,Other State Agency,CA0310700,PLACER,CA,39.062032,-120.722718
430,1400,Union Pacific Railroad: Placer County,Other,CA0311200,PLACER,CA,37.798763,-122.24971
431,33840,Highway Patrol:,State Police,CA0319920,PLACER,CA,,
432,33932,Highway Patrol:,State Police,CA0319921,PLACER,CA,,
433,1402,Plumas County Sheriff's Office,County,CA0320000,PLUMAS,CA,39.934498,-120.91359
434,1405,Union Pacific Railroad: Plumas County,Other,CA032030X,PLUMAS,CA,,
435,34018,Highway Patrol:,State Police,CA0329965,PLUMAS,CA,,
436,1407,Riverside County Sheriff's Office,County,CA0330000,RIVERSIDE,CA,33.729828,-116.002239
437,1408,Banning Police Department,City,CA0330100,RIVERSIDE,CA,33.729828,-116.002239
438,1409,Beaumont Police Department,City,CA0330200,RIVERSIDE,CA,33.92942,-116.97506
439,1410,Blythe Police Department,City,CA0330300,RIVERSIDE,CA,33.612965,-114.59825
440,1412,Coachella Police Department,City,CA0330500,RIVERSIDE,CA,33.978046,-117.37402
441,1413,Desert Hot Springs Police Department,City,CA0330600,RIVERSIDE,CA,33.729828,-116.002239
442,1415,Hemet Police Department,City,CA0330800,RIVERSIDE,CA,33.74941,-116.96785
443,1416,Indio Police Department,City,CA0330900,RIVERSIDE,CA,33.70857,-116.21641
444,1417,Norco Police Department,City,CA0331000,RIVERSIDE,CA,33.978046,-117.37402
445,1418,Palm Springs Police Department,City,CA0331100,RIVERSIDE,CA,33.729828,-116.002239
446,1419,Perris Police Department,City,CA0331200,RIVERSIDE,CA,33.787678,-117.226135
447,1420,Riverside Police Department,City,CA0331300,RIVERSIDE,CA,33.978416,-117.37522
448,1421,San Jacinto Police Department,City,CA0331400,RIVERSIDE,CA,33.782,-116.95954
449,1422,Corona Police Department,City,CA0331500,RIVERSIDE,CA,33.729828,-116.002239
450,1423,Indian Wells Police Department,City,CA0331600,RIVERSIDE,CA,33.978046,-117.37402
451,1424,Rancho Mirage Police Department,City,CA0331700,RIVERSIDE,CA,33.978046,-117.37402
452,1425,Palm Desert Police Department,City,CA0331800,RIVERSIDE,CA,33.978046,-117.37402
453,1427,Union Pacific Railroad: Riverside County,Other,CA033210X,RIVERSIDE,CA,37.798763,-122.24971
454,1429,Department of Parks and Recreation: Inland Empire,Other State Agency,CA0332400,RIVERSIDE,CA,33.862755,-117.19964
455,1430,Cathedral City Police Department,City,CA0332500,RIVERSIDE,CA,33.729828,-116.002239
456,1434,Lake Elsinore Police Department,City,CA033300X,RIVERSIDE,CA,33.978046,-117.37402
457,1435,La Quinta Police Department,City,CA033310X,RIVERSIDE,CA,33.978046,-117.37402
458,1436,Moreno Valley Police Department,City,CA033320X,RIVERSIDE,CA,,
459,1438,Temecula Police Department,City,CA033380X,RIVERSIDE,CA,33.978046,-117.37402
460,1439,Calimesa Police Department,City,CA033400X,RIVERSIDE,CA,33.978046,-117.37402
461,1440,Canyon Lake Police Department,City,CA033410X,RIVERSIDE,CA,33.671688,-117.26131
462,1441,Murrieta Police Department,City,CA0334200,RIVERSIDE,CA,33.559948,-117.209175
463,1442,Riverside Community College,University or College,CA0334400,RIVERSIDE,CA,33.971573,-117.38467
464,33177,Menifee,City,CA0334900,RIVERSIDE,CA,,
465,1443,Wildomar Police Department,City,CA033770X,RIVERSIDE,CA,33.66725,-117.331665
466,1445,Eastvale Police Department,City,CA033790X,RIVERSIDE,CA,34.01191,-117.448814
467,1446,University of California: Riverside,University or College,CA0339700,RIVERSIDE,CA,33.97917,-117.33108
468,33952,Highway Patrol:,State Police,CA0339930,RIVERSIDE,CA,,
469,34030,Highway Patrol:,State Police,CA0339940,RIVERSIDE,CA,,
470,34040,Highway Patrol:,State Police,CA0339955,RIVERSIDE,CA,,
471,33904,Highway Patrol:,State Police,CA0339956,RIVERSIDE,CA,,
472,33850,Highway Patrol:,State Police,CA0339960,RIVERSIDE,CA,,
473,34078,Highway Patrol:,State Police,CA0339985,RIVERSIDE,CA,,
474,34020,Highway Patrol:,State Police,CA0339986,RIVERSIDE,CA,,
475,1449,Jurupa Valley Police Department,City,CA033A000,RIVERSIDE,CA,34.01191,-117.448814
476,25848,Mt. San Jacinto College,University or College,CA033A100,RIVERSIDE,CA,,
477,1450,Sacramento County Sheriff's Office,County,CA0340000,SACRAMENTO,CA,38.450011,-121.340441
478,1451,Folsom Police Department,City,CA0340100,SACRAMENTO,CA,38.681313,-121.1638
479,1452,Galt Police Department,City,CA0340200,SACRAMENTO,CA,38.26226,-121.30619
480,1453,Isleton Police Department,City,CA0340300,SACRAMENTO,CA,38.450011,-121.340441
481,1454,Sacramento Police Department,City,CA0340400,SACRAMENTO,CA,38.520615,-121.49856
482,1455,California State University: Sacramento,University or College,CA0340800,SACRAMENTO,CA,38.56646,-121.42829
483,1456,Elk Grove Police Department,City,CA0340H00,SACRAMENTO,CA,38.450011,-121.340441
484,33493,California State Parks:,Other State Agency,CA0341201,SACRAMENTO,CA,,
485,1458,Twin Rivers Unified School District,Other,CA0341400,SACRAMENTO,CA,38.65166,-121.389565
486,1460,California State Fair,Other State Agency,CA0342000,SACRAMENTO,CA,38.595455,-121.424095
487,1461,Department of Parks and Recreation: Capital,Other State Agency,CA0342200,SACRAMENTO,CA,38.450011,-121.340441
488,1464,Union Pacific Railroad: Sacramento County,Other,CA0344800,SACRAMENTO,CA,37.798763,-122.24971
489,35799,Los Rios Community College,University or College,CA0345400,SACRAMENTO,CA,,
490,1465,Rancho Cordova Police Department,City,CA034550X,SACRAMENTO,CA,38.584633,-121.4959
491,1466,Citrus Heights Police Department,City,CA0349600,SACRAMENTO,CA,38.679226,-121.298195
492,1467,"University of California: Medical Center, Sacramento",University or College,CA0349700,SACRAMENTO,CA,38.55433,-121.45746
493,1469,Highway Patrol: Sacramento County,State Police,CA0349900,SACRAMENTO,CA,38.585705,-121.49562
494,34088,Highway Patrol:,State Police,CA0349901,SACRAMENTO,CA,,
495,34008,Highway Patrol:,State Police,CA0349906,SACRAMENTO,CA,,
496,33938,Highway Patrol:,State Police,CA0349908,SACRAMENTO,CA,,
497,34090,Highway Patrol:,State Police,CA0349912,SACRAMENTO,CA,,
498,33866,Highway Patrol:,State Police,CA0349917,SACRAMENTO,CA,,
499,33906,Highway Patrol:,State Police,CA0349923,SACRAMENTO,CA,,
500,34118,Highway Patrol:,State Police,CA0349949,SACRAMENTO,CA,,
501,33996,Highway Patrol:,State Police,CA0349950,SACRAMENTO,CA,,
502,34068,Highway Patrol:,State Police,CA0349952,SACRAMENTO,CA,,
503,33918,Highway Patrol:,State Police,CA0349960,SACRAMENTO,CA,,
504,1470,San Benito County Sheriff's Office,County,CA0350000,SAN BENITO,CA,36.610702,-121.085296
505,1471,Hollister Police Department,City,CA0350100,SAN BENITO,CA,36.89229,-121.39484
506,1473,Union Pacific Railroad: San Benito County,Other,CA035030X,SAN BENITO,CA,37.798763,-122.24971
507,1477,San Bernardino County Sheriff's Office,County,CA0360000,SAN BERNARDINO,CA,34.85722,-116.181197
508,1478,Barstow Police Department,City,CA0360100,SAN BERNARDINO,CA,34.892834,-117.02627
509,1479,Chino Police Department,City,CA0360200,SAN BERNARDINO,CA,34.012817,-117.68927
510,1480,Colton Police Department,City,CA0360300,SAN BERNARDINO,CA,34.071785,-117.323296
511,1481,Fontana Police Department,City,CA0360400,SAN BERNARDINO,CA,34.102913,-117.432785
512,1482,Montclair Police Department,City,CA0360500,SAN BERNARDINO,CA,34.85722,-116.181197
513,1483,Needles Police Department,City,CA0360600,SAN BERNARDINO,CA,34.85722,-116.181197
514,1484,Ontario Police Department,City,CA0360700,SAN BERNARDINO,CA,34.027554,-117.593216
515,1485,Redlands Police Department,City,CA0360800,SAN BERNARDINO,CA,34.85722,-116.181197
516,1486,Rialto Police Department,City,CA0360900,SAN BERNARDINO,CA,34.103333,-117.37477
517,1487,San Bernardino Police Department,City,CA0361000,SAN BERNARDINO,CA,34.85722,-116.181197
518,1488,Upland Police Department,City,CA0361100,SAN BERNARDINO,CA,34.110546,-117.67902
519,1489,Victorville Police Department,City,CA0361200,SAN BERNARDINO,CA,34.85722,-116.181197
520,1490,Adelanto Police Department,City,CA0361300,SAN BERNARDINO,CA,34.85722,-116.181197
521,1491,California State University: San Bernardino,University or College,CA0361400,SAN BERNARDINO,CA,34.177666,-117.32848
522,1492,Rancho Cucamonga Police Department,City,CA0361600,SAN BERNARDINO,CA,34.10287,-117.575584
523,1496,Big Bear Lake Police Department,City,CA036200X,SAN BERNARDINO,CA,,
524,1497,Grand Terrace Police Department,City,CA036210X,SAN BERNARDINO,CA,,
525,1498,Loma Linda Police Department,City,CA036220X,SAN BERNARDINO,CA,,
526,1499,San Bernardino Unified School District,Other,CA0362300,SAN BERNARDINO,CA,34.121357,-117.29505
527,27730,Chaffey College,University or College,CA0362600,SAN BERNARDINO,CA,,
528,1502,Highland Police Department,City,CA036300X,SAN BERNARDINO,CA,34.12124,-117.210754
529,1503,Twentynine Palms Police Department,City,CA036310X,SAN BERNARDINO,CA,,
530,1504,Hesperia Police Department,City,CA036320X,SAN BERNARDINO,CA,,
531,1505,Apple Valley Police Department,City,CA036330X,SAN BERNARDINO,CA,,
532,1506,Yucaipa Police Department,City,CA036350X,SAN BERNARDINO,CA,,
533,1507,San Bernardino Community College,University or College,CA0363900,SAN BERNARDINO,CA,34.1005,-117.251274
534,1508,Chino Hills Police Department,City,CA036400X,SAN BERNARDINO,CA,,
535,1509,Yucca Valley Police Department,City,CA036410X,SAN BERNARDINO,CA,,
536,1510,Fontana Unified School District,Other,CA0365000,SAN BERNARDINO,CA,34.078053,-117.453735
537,1511,Union Pacific Railroad: San Bernardino County,Other,CA0365400,SAN BERNARDINO,CA,37.798763,-122.24971
538,1512,Patton State Hospital,Other State Agency,CA0365700,SAN BERNARDINO,CA,34.85722,-116.181197
539,1513,Department of Parks and Recreation: Tehachapi District,Other State Agency,CA036590X,SAN BERNARDINO,CA,,
540,33954,Highway Patrol:,State Police,CA0369901,SAN BERNARDINO,CA,,
541,33956,Highway Patrol:,State Police,CA0369908,SAN BERNARDINO,CA,,
542,33846,Highway Patrol:,State Police,CA0369930,SAN BERNARDINO,CA,,
543,33990,Highway Patrol:,State Police,CA0369934,SAN BERNARDINO,CA,,
544,34094,Highway Patrol:,State Police,CA0369950,SAN BERNARDINO,CA,,
545,34022,Highway Patrol:,State Police,CA0369955,SAN BERNARDINO,CA,,
546,34034,Highway Patrol:,State Police,CA0369960,SAN BERNARDINO,CA,,
547,33838,Highway Patrol:,State Police,CA0369965,SAN BERNARDINO,CA,,
548,33982,Highway Patrol:,State Police,CA0369970,SAN BERNARDINO,CA,,
549,33984,Highway Patrol:,State Police,CA0369975,SAN BERNARDINO,CA,,
550,1516,San Diego County Sheriff's Office,County,CA0370000,SAN DIEGO,CA,33.023604,-116.776117
551,1517,Carlsbad Police Department,City,CA0370100,SAN DIEGO,CA,33.137352,-117.265976
552,1518,Chula Vista Police Department,City,CA0370200,SAN DIEGO,CA,33.023604,-116.776117
553,1519,Coronado Police Department,City,CA0370300,SAN DIEGO,CA,32.690113,-117.177414
554,1520,Del Mar Police Department,City,CA0370400,SAN DIEGO,CA,33.04468,-117.25954
555,1521,El Cajon Police Department,City,CA0370500,SAN DIEGO,CA,32.807697,-116.96212
556,1522,Escondido Police Department,City,CA0370600,SAN DIEGO,CA,33.13591,-117.09332
557,1523,Imperial Beach Police Department,City,CA0370700,SAN DIEGO,CA,32.57655,-117.11539
558,1524,La Mesa Police Department,City,CA0370800,SAN DIEGO,CA,32.767647,-117.02352
559,1525,National City Police Department,City,CA0370900,SAN DIEGO,CA,32.67233,-117.10557
560,1526,Oceanside Police Department,City,CA0371000,SAN DIEGO,CA,33.023604,-116.776117
561,1527,San Diego Police Department,City,CA0371100,SAN DIEGO,CA,32.71573,-117.151886
562,1528,San Marcos Police Department,City,CA0371200,SAN DIEGO,CA,33.14137,-117.14562
563,1529,Vista Police Department,City,CA0371300,SAN DIEGO,CA,33.192047,-117.25364
564,1530,San Diego State University,University or College,CA0371400,SAN DIEGO,CA,33.023604,-116.776117
565,1531,Port of San Diego Harbor,Other,CA0371500,SAN DIEGO,CA,32.729366,-117.19509
566,1534,Department of Parks and Recreation: Colorado,Other State Agency,CA0372200,SAN DIEGO,CA,33.256496,-116.399376
567,1536,Department of Parks and Recreation: Ocotillo Wells,Other State Agency,CA0372400,SAN DIEGO,CA,33.15929,-116.22911
568,1537,Department of Parks and Recreation: San Diego Coast,Other State Agency,CA0372500,SAN DIEGO,CA,33.16131,-117.3535
569,1539,California State University: San Marcos,University or College,CA0373200,SAN DIEGO,CA,33.134045,-117.15313
570,1540,University of California: San Diego,University or College,CA0379700,SAN DIEGO,CA,33.023604,-116.776117
571,33852,Highway Patrol:,State Police,CA0379901,SAN DIEGO,CA,,
572,33854,Highway Patrol:,State Police,CA0379908,SAN DIEGO,CA,,
573,34036,Highway Patrol:,State Police,CA0379945,SAN DIEGO,CA,,
574,34012,Highway Patrol:,State Police,CA0379946,SAN DIEGO,CA,,
575,34006,Highway Patrol:,State Police,CA0379950,SAN DIEGO,CA,,
576,34046,Highway Patrol:,State Police,CA0379951,SAN DIEGO,CA,,
577,33920,Highway Patrol:,State Police,CA0379980,SAN DIEGO,CA,,
578,1543,Lemon Grove Police Department,City,CA037A100,SAN DIEGO,CA,32.740322,-117.03116
579,1544,Santee Police Department,City,CA037A200,SAN DIEGO,CA,33.023604,-116.776117
580,1545,Poway Police Department,City,CA037A300,SAN DIEGO,CA,32.955612,-117.04518
581,1546,Encinitas Police Department,City,CA037A400,SAN DIEGO,CA,33.04468,-117.25954
582,1547,Solana Beach Police Department,City,CA037A500,SAN DIEGO,CA,33.04468,-117.25954
583,35723,MiraCosta College,University or College,CA037A600,SAN DIEGO,CA,,
584,1548,San Francisco County Sheriff's Office,County,CA0380000,SAN FRANCISCO,CA,37.727239,-123.032229
585,1549,San Francisco Police Department,City,CA0380100,SAN FRANCISCO,CA,37.775047,-122.40381
586,1551,San Francisco State University,University or College,CA0380300,SAN FRANCISCO,CA,37.720856,-122.47662
587,1552,San Francisco Bay Area Rapid Transit: San Francisco County,Other,CA0380500,SAN FRANCISCO,CA,37.79742,-122.26664
588,1557,Union Pacific Railroad: San Francisco County,Other,CA0381900,SAN FRANCISCO,CA,37.798763,-122.24971
589,1558,University of California: San Francisco,University or College,CA0389700,SAN FRANCISCO,CA,37.767666,-122.41551
590,33958,Highway Patrol:,State Police,CA0389921,SAN FRANCISCO,CA,,
591,34038,Highway Patrol:,State Police,CA0389935,SAN FRANCISCO,CA,,
592,1561,San Joaquin County Sheriff's Office,County,CA0390000,SAN JOAQUIN,CA,37.884598,-121.29794
593,1562,Escalon Police Department,City,CA0390100,SAN JOAQUIN,CA,37.935034,-121.272237
594,1563,Lodi Police Department,City,CA0390200,SAN JOAQUIN,CA,38.135468,-121.27515
595,1564,Manteca Police Department,City,CA0390300,SAN JOAQUIN,CA,37.79916,-121.231125
596,1565,Ripon Police Department,City,CA0390400,SAN JOAQUIN,CA,37.740936,-121.135475
597,1566,Stockton Police Department,City,CA0390500,SAN JOAQUIN,CA,37.935034,-121.272237
598,1567,Tracy Police Department,City,CA0390600,SAN JOAQUIN,CA,37.935034,-121.272237
599,34130,San Joaquin Delta College,University or College,CA0390800,SAN JOAQUIN,CA,,
600,1572,Stockton Unified School District,Other,CA0391500,SAN JOAQUIN,CA,37.96626,-121.290726
601,1573,Union Pacific Railroad: San Joaquin County,Other,CA0392100,SAN JOAQUIN,CA,37.798763,-122.24971
602,35725,Lathrop,City,CA0392400,SAN JOAQUIN,CA,,
603,33902,Highway Patrol:,State Police,CA0399912,SAN JOAQUIN,CA,,
604,34074,Highway Patrol:,State Police,CA0399965,SAN JOAQUIN,CA,,
605,34080,Highway Patrol:,State Police,CA0399966,SAN JOAQUIN,CA,,
606,1577,San Luis Obispo County Sheriff's Office,County,CA0400000,SAN LUIS OBISPO,CA,35.385227,-120.447541
607,1578,Arroyo Grande Police Department,City,CA0400100,SAN LUIS OBISPO,CA,35.120285,-120.59154
608,35729,Atascadero State Hospital,Other State Agency,CA040015M,SAN LUIS OBISPO,CA,,
609,1579,Grover Beach Police Department,City,CA0400200,SAN LUIS OBISPO,CA,35.120537,-120.6226
610,1580,Morro Bay Police Department,City,CA0400300,SAN LUIS OBISPO,CA,35.365948,-120.842705
611,1581,Paso Robles Police Department,City,CA0400400,SAN LUIS OBISPO,CA,35.62364,-120.68984
612,1582,Pismo Beach Police Department,City,CA0400500,SAN LUIS OBISPO,CA,35.14444,-120.64104
613,1583,San Luis Obispo Police Department,City,CA0400600,SAN LUIS OBISPO,CA,35.285446,-120.663635
614,1584,California State Polytechnic University: San Luis Obispo,University or College,CA0400700,SAN LUIS OBISPO,CA,35.385227,-120.447541
615,1585,Atascadero Police Department,City,CA0400800,SAN LUIS OBISPO,CA,35.49247,-120.67593
616,1587,Department of Parks and Recreation: San Simeon,Other State Agency,CA0401200,SAN LUIS OBISPO,CA,35.385227,-120.447541
617,1588,Department of Parks and Recreation: San Luis Obispo Coast,Other State Agency,CA0401300,SAN LUIS OBISPO,CA,35.257004,-120.66864
618,1589,Department of Parks and Recreation: Oceano Dunes,Other State Agency,CA0401400,SAN LUIS OBISPO,CA,35.257004,-120.66864
619,1591,Union Pacific Railroad: San Luis Obispo County,Other,CA0401800,SAN LUIS OBISPO,CA,37.798763,-122.24971
620,1592,Cuesta College,University or College,CA0401900,SAN LUIS OBISPO,CA,35.385227,-120.447541
621,33892,Highway Patrol:,State Police,CA0409901,SAN LUIS OBISPO,CA,,
622,33797,Highway Patrol:,State Police,CA0409940,SAN LUIS OBISPO,CA,,
623,34044,Highway Patrol:,State Police,CA0409945,SAN LUIS OBISPO,CA,,
624,1594,San Mateo County Sheriff's Office,County,CA0410000,SAN MATEO,CA,37.414663,-122.371545
625,1595,Atherton Police Department,City,CA0410100,SAN MATEO,CA,37.46327,-122.19748
626,1596,Belmont Police Department,City,CA0410200,SAN MATEO,CA,37.516838,-122.279594
627,1597,Brisbane Police Department,City,CA0410300,SAN MATEO,CA,37.687454,-122.40451
628,1598,Burlingame Police Department,City,CA0410400,SAN MATEO,CA,37.595444,-122.38218
629,1599,Colma Police Department,City,CA0410500,SAN MATEO,CA,37.67692,-122.458595
630,1600,Daly City Police Department,City,CA0410600,SAN MATEO,CA,37.691093,-122.472984
631,1602,Hillsborough Police Department,City,CA0410800,SAN MATEO,CA,37.57814,-122.35546
632,1603,Menlo Park Police Department,City,CA0410900,SAN MATEO,CA,37.45417,-122.17698
633,1605,Pacifica Police Department,City,CA0411100,SAN MATEO,CA,37.414663,-122.371545
634,1607,Redwood City Police Department,City,CA0411300,SAN MATEO,CA,37.49354,-122.21956
635,1608,San Bruno Police Department,City,CA0411400,SAN MATEO,CA,37.639008,-122.41736
636,1610,San Mateo Police Department,City,CA0411600,SAN MATEO,CA,37.551094,-122.30515
637,1611,South San Francisco Police Department,City,CA0411700,SAN MATEO,CA,37.6558,-122.43701
638,1613,Broadmoor Police Department,City,CA0411900,SAN MATEO,CA,37.414663,-122.371545
639,1614,Foster City Police Department,City,CA0412000,SAN MATEO,CA,37.55951,-122.27061
640,1616,San Francisco Bay Area Rapid Transit: San Mateo County,Other,CA0412300,SAN MATEO,CA,37.79742,-122.26664
641,1617,Union Pacific Railroad: San Mateo County,Other,CA041240X,SAN MATEO,CA,37.798763,-122.24971
642,1619,East Palo Alto Police Department,City,CA0412700,SAN MATEO,CA,37.472054,-122.139496
643,34028,Highway Patrol:,State Police,CA0419930,SAN MATEO,CA,,
644,1622,Santa Barbara County Sheriff's Office,County,CA0420000,SANTA BARBARA,CA,34.537248,-120.037915
645,1623,Guadalupe Police Department,City,CA0420100,SANTA BARBARA,CA,34.9701,-120.56895
646,1624,Lompoc Police Department,City,CA0420200,SANTA BARBARA,CA,34.537248,-120.037915
647,1625,Santa Barbara Police Department,City,CA0420300,SANTA BARBARA,CA,34.537248,-120.037915
648,1626,Santa Maria Police Department,City,CA0420400,SANTA BARBARA,CA,34.94979,-120.43389
649,1627,Carpinteria Police Department,City,CA0420500,SANTA BARBARA,CA,34.537248,-120.037915
650,1628,Union Pacific Railroad: Santa Barbara County,Other,CA042070X,SANTA BARBARA,CA,37.798763,-122.24971
651,1631,Solvang Police Department,City,CA0421000,SANTA BARBARA,CA,34.537248,-120.037915
652,1632,Allan Hancock College,University or College,CA0421100,SANTA BARBARA,CA,34.946743,-120.42478
653,1633,Buellton Police Department,City,CA0421200,SANTA BARBARA,CA,34.537248,-120.037915
654,1634,Goleta Police Department,City,CA042140X,SANTA BARBARA,CA,34.44241,-119.77944
655,1635,University of California: Santa Barbara,University or College,CA0429700,SANTA BARBARA,CA,34.537248,-120.037915
656,34054,Highway Patrol:,State Police,CA0429950,SANTA BARBARA,CA,,
657,33858,Highway Patrol:,State Police,CA0429955,SANTA BARBARA,CA,,
658,34050,Highway Patrol:,State Police,CA0429960,SANTA BARBARA,CA,,
659,1638,Santa Clara County Sheriff's Office,County,CA0430000,SANTA CLARA,CA,37.3542,-121.90724
660,1640,Campbell Police Department,City,CA0430200,SANTA CLARA,CA,37.288048,-121.94482
661,1641,Cupertino Police Department,City,CA0430300,SANTA CLARA,CA,37.3542,-121.90724
662,1642,Gilroy Police Department,City,CA0430400,SANTA CLARA,CA,37.003857,-121.57284
663,1643,Los Altos Police Department,City,CA0430500,SANTA CLARA,CA,37.382168,-122.11404
664,1644,Los Altos Hills Police Department,City,CA0430600,SANTA CLARA,CA,37.3542,-121.90724
665,1645,Los Gatos Police Department,City,CA0430700,SANTA CLARA,CA,37.220777,-121.690622
666,1646,Milpitas Police Department,City,CA0430800,SANTA CLARA,CA,37.452545,-121.91041
667,1647,Monte Sereno Police Department,City,CA0430900,SANTA CLARA,CA,37.221287,-121.97938
668,1648,Morgan Hill Police Department,City,CA0431000,SANTA CLARA,CA,37.220777,-121.690622
669,1649,Mountain View Police Department,City,CA0431100,SANTA CLARA,CA,37.394695,-122.08119
670,1650,Palo Alto Police Department,City,CA0431200,SANTA CLARA,CA,37.44405,-122.15936
671,1651,San Jose Police Department,City,CA0431300,SANTA CLARA,CA,37.220777,-121.690622
672,1652,Santa Clara Police Department,City,CA0431400,SANTA CLARA,CA,37.220777,-121.690622
673,1653,Saratoga Police Department,City,CA0431500,SANTA CLARA,CA,37.3542,-121.90724
674,1654,Sunnyvale Police Department,City,CA0431600,SANTA CLARA,CA,37.220777,-121.690622
675,1655,California State University: San Jose,University or College,CA0431700,SANTA CLARA,CA,37.220777,-121.690622
676,1657,San Jose/Evergreen Community College,University or College,CA0432000,SANTA CLARA,CA,37.29781,-121.76399
677,1658,West Valley-Mission College,University or College,CA043210X,SANTA CLARA,CA,37.26675,-122.01386
678,1661,Foothill-De Anza College,University or College,CA0432700,SANTA CLARA,CA,37.358177,-122.1275
679,1662,Union Pacific Railroad: Santa Clara County,Other,CA0433600,SANTA CLARA,CA,37.798763,-122.24971
680,32034,San Francisco Bay Area Rapid Transit:,Other,CA043380X,SANTA CLARA,CA,,
681,1663,Santa Clara Transit District,Other,CA043950X,SANTA CLARA,CA,37.3542,-121.90724
682,33948,Highway Patrol:,State Police,CA0439925,SANTA CLARA,CA,,
683,33930,Highway Patrol:,State Police,CA0439926,SANTA CLARA,CA,,
684,34042,Highway Patrol:,State Police,CA0439940,SANTA CLARA,CA,,
685,1666,Santa Cruz County Sheriff's Office,County,CA0440000,SANTA CRUZ,CA,37.012488,-122.007205
686,1667,Capitola Police Department,City,CA0440100,SANTA CRUZ,CA,36.974045,-121.95333
687,1668,Santa Cruz Police Department,City,CA0440200,SANTA CRUZ,CA,36.96701,-122.026955
688,1669,Watsonville Police Department,City,CA0440300,SANTA CRUZ,CA,37.012488,-122.007205
689,1670,Scotts Valley Police Department,City,CA0440400,SANTA CRUZ,CA,37.049614,-122.017624
690,1672,Union Pacific Railroad: Santa Cruz County,Other,CA044060X,SANTA CRUZ,CA,37.798763,-122.24971
691,1674,Department of Parks and Recreation: Santa Cruz Mountains,Other State Agency,CA0440800,SANTA CRUZ,CA,37.043594,-122.06985
692,1675,University of California: Santa Cruz,University or College,CA0449700,SANTA CRUZ,CA,36.977455,-122.055786
693,33894,Highway Patrol:,State Police,CA0449909,SANTA CRUZ,CA,,
694,34052,Highway Patrol:,State Police,CA0449920,SANTA CRUZ,CA,,
695,1677,Shasta County Sheriff's Office,County,CA0450000,SHASTA,CA,40.582897,-122.395515
696,1678,Anderson Police Department,City,CA0450100,SHASTA,CA,40.453262,-122.298325
697,1679,Redding Police Department,City,CA0450200,SHASTA,CA,40.585827,-122.39283
698,1680,Union Pacific Railroad: Shasta County,Other,CA045030X,SHASTA,CA,37.798763,-122.24971
699,1682,Shasta County Marshal,Other,CA0459100,SHASTA,CA,40.583073,-122.39574
700,33998,Highway Patrol:,State Police,CA0459901,SHASTA,CA,,
701,34000,Highway Patrol:,State Police,CA0459907,SHASTA,CA,,
702,34026,Highway Patrol:,State Police,CA0459935,SHASTA,CA,,
703,1685,Sierra County Sheriff's Office,County,CA0460000,SIERRA,CA,39.576925,-120.521993
704,1687,Union Pacific Railroad: Sierra County,Other,CA046020X,SIERRA,CA,37.798763,-122.24971
705,1689,Siskiyou County Sheriff's Office,County,CA0470000,SISKIYOU,CA,41.72972,-122.63826
706,1690,Dorris Police Department,City,CA0470100,SISKIYOU,CA,41.72972,-122.63826
707,1691,Dunsmuir Police Department,City,CA0470200,SISKIYOU,CA,41.587986,-122.533287
708,1692,Etna Police Department,City,CA0470300,SISKIYOU,CA,41.587986,-122.533287
709,1693,Fort Jones Police Department,City,CA0470400,SISKIYOU,CA,41.72972,-122.63826
710,1694,Montague Police Department,City,CA0470500,SISKIYOU,CA,41.587986,-122.533287
711,1695,Mount Shasta Police Department,City,CA0470600,SISKIYOU,CA,41.313313,-122.31235
712,1696,Tulelake Police Department,City,CA0470700,SISKIYOU,CA,41.587986,-122.533287
713,1697,Weed Police Department,City,CA0470800,SISKIYOU,CA,41.587986,-122.533287
714,1698,Yreka Police Department,City,CA0470900,SISKIYOU,CA,41.732212,-122.638565
715,1699,Lake Shastina Police Department,City,CA0471000,SISKIYOU,CA,41.587986,-122.533287
716,1702,Union Pacific Railroad: Siskiyou County,Other,CA0471600,SISKIYOU,CA,37.798763,-122.24971
717,34112,Highway Patrol:,State Police,CA0479945,SISKIYOU,CA,,
718,33986,Highway Patrol:,State Police,CA0479946,SISKIYOU,CA,,
719,33914,Highway Patrol:,State Police,CA0479947,SISKIYOU,CA,,
720,1704,Solano County Sheriff's Office,County,CA0480000,SOLANO,CA,38.267226,-121.939594
721,1705,Benicia Police Department,City,CA0480100,SOLANO,CA,38.05287,-122.153496
722,1706,Dixon Police Department,City,CA0480200,SOLANO,CA,38.44554,-121.82381
723,1707,Fairfield Police Department,City,CA0480300,SOLANO,CA,38.251545,-122.04343
724,1708,Rio Vista Police Department,City,CA0480400,SOLANO,CA,38.15519,-121.689926
725,1709,Suisun City Police Department,City,CA0480500,SOLANO,CA,38.239162,-122.036934
726,1710,Vacaville Police Department,City,CA0480600,SOLANO,CA,38.35016,-121.99458
727,1711,Vallejo Police Department,City,CA0480700,SOLANO,CA,38.267226,-121.939594
728,1712,Union Pacific Railroad: Solano County,Other,CA048080X,SOLANO,CA,37.798763,-122.24971
729,33934,Highway Patrol:,State Police,CA0489901,SOLANO,CA,,
730,34060,Highway Patrol:,State Police,CA0489965,SOLANO,CA,,
731,33890,Highway Patrol:,State Police,CA0489966,SOLANO,CA,,
732,1717,Sonoma County Sheriff's Office,County,CA0490000,SONOMA,CA,38.46769,-122.72429
733,1718,Cloverdale Police Department,City,CA0490100,SONOMA,CA,38.806206,-123.01682
734,1719,Cotati Police Department,City,CA0490200,SONOMA,CA,38.323624,-122.70799
735,1720,Healdsburg Police Department,City,CA0490300,SONOMA,CA,38.609367,-122.86905
736,1721,Rohnert Park Police Department,City,CA0490400,SONOMA,CA,38.525026,-122.937605
737,1722,Santa Rosa Police Department,City,CA0490500,SONOMA,CA,38.525026,-122.937605
738,1723,Sebastopol Police Department,City,CA0490600,SONOMA,CA,38.525026,-122.937605
739,1724,Sonoma Police Department,City,CA0490700,SONOMA,CA,38.29818,-122.45794
740,1725,Petaluma Police Department,City,CA0490800,SONOMA,CA,38.245697,-122.64498
741,1726,Sonoma State University,University or College,CA0490900,SONOMA,CA,38.525026,-122.937605
742,1727,Union Pacific Railroad: Sonoma County,Other,CA049100X,SONOMA,CA,37.798763,-122.24971
743,1728,Department of Parks and Recreation: Silverado,Other State Agency,CA0491100,SONOMA,CA,38.525026,-122.937605
744,1729,Department of Parks and Recreation: Russian River,Other State Agency,CA0491200,SONOMA,CA,38.525026,-122.937605
745,1731,Santa Rosa Junior College,University or College,CA0491400,SONOMA,CA,38.454853,-122.71736
746,1732,Windsor Police Department,City,CA049150X,SONOMA,CA,38.46769,-122.72429
747,34056,Highway Patrol:,State Police,CA0499960,SONOMA,CA,,
748,1735,Stanislaus County Sheriff's Office,County,CA0500000,STANISLAUS,CA,37.587627,-120.99018
749,1736,Ceres Police Department,City,CA0500100,STANISLAUS,CA,37.592953,-120.95455
750,1737,Modesto Police Department,City,CA0500200,STANISLAUS,CA,37.636703,-120.99575
751,1738,Newman Police Department,City,CA0500300,STANISLAUS,CA,37.562384,-121.002656
752,1739,Oakdale Police Department,City,CA0500400,STANISLAUS,CA,37.76764,-120.84985
753,1740,Patterson Police Department,City,CA0500500,STANISLAUS,CA,37.470737,-121.13036
754,1741,Riverbank Police Department,City,CA0500600,STANISLAUS,CA,37.7363,-120.93573
755,1742,Turlock Police Department,City,CA0500700,STANISLAUS,CA,37.562384,-121.002656
756,1743,Waterford Police Department,City,CA0500800,STANISLAUS,CA,37.562384,-121.002656
757,1744,Hughson Police Department,City,CA0500900,STANISLAUS,CA,37.562384,-121.002656
758,1745,California State University: Stanislaus,University or College,CA0501000,STANISLAUS,CA,37.562384,-121.002656
759,1747,Union Pacific Railroad: Stanislaus County,Other,CA050120X,STANISLAUS,CA,37.798763,-122.24971
760,34116,Highway Patrol:,State Police,CA0509912,STANISLAUS,CA,,
761,33974,Highway Patrol:,State Police,CA0509965,STANISLAUS,CA,,
762,1752,Sutter County Sheriff's Office,County,CA0510000,SUTTER,CA,39.128967,-121.60707
763,1754,Yuba City Police Department,City,CA0510200,SUTTER,CA,39.144726,-121.641426
764,1755,Union Pacific Railroad: Sutter County,Other,CA051040X,SUTTER,CA,37.798763,-122.24971
765,34114,Highway Patrol:,State Police,CA0519985,SUTTER,CA,,
766,1757,Tehama County Sheriff's Office,County,CA0520000,TEHAMA,CA,40.126156,-122.232276
767,1758,Corning Police Department,City,CA0520100,TEHAMA,CA,39.928185,-122.179276
768,1759,Red Bluff Police Department,City,CA0520200,TEHAMA,CA,40.175694,-122.23484
769,1761,Union Pacific Railroad: Tehama County,Other,CA052040X,TEHAMA,CA,37.798763,-122.24971
770,34024,Highway Patrol:,State Police,CA0529930,TEHAMA,CA,,
771,33898,Highway Patrol:,State Police,CA0529931,TEHAMA,CA,,
772,1763,Trinity County Sheriff's Office,County,CA0530000,TRINITY,CA,40.647724,-123.114404
773,1764,Union Pacific Railroad: Trinity County,Other,CA053010X,TRINITY,CA,37.798763,-122.24971
774,34082,Highway Patrol:,State Police,CA0539975,TRINITY,CA,,
775,1767,Tulare County Sheriff's Office,County,CA0540000,TULARE,CA,36.327877,-119.317764
776,1768,Dinuba Police Department,City,CA0540100,TULARE,CA,36.55121,-119.39516
777,1769,Exeter Police Department,City,CA0540200,TULARE,CA,36.297142,-119.138405
778,1770,Farmersville Police Department,City,CA0540300,TULARE,CA,36.29776,-119.19875
779,1771,Lindsay Police Department,City,CA0540400,TULARE,CA,36.228824,-118.781061
780,1772,Porterville Police Department,City,CA0540500,TULARE,CA,36.072,-119.01828
781,1773,Tulare Police Department,City,CA0540600,TULARE,CA,36.207127,-119.34315
782,1774,Visalia Police Department,City,CA0540700,TULARE,CA,36.32839,-119.29881
783,1775,Woodlake Police Department,City,CA0540800,TULARE,CA,36.418293,-119.09891
784,1777,Union Pacific Railroad: Tulare County,Other,CA054100X,TULARE,CA,37.798763,-122.24971
785,1778,College of the Sequoias,University or College,CA0541100,TULARE,CA,36.33777,-119.31424
786,35727,Porterville Developmental Center,Other State Agency,CA0541200,TULARE,CA,,
787,34096,Highway Patrol:,State Police,CA0549980,TULARE,CA,,
788,34016,Highway Patrol:,State Police,CA0549981,TULARE,CA,,
789,1781,Tuolumne County Sheriff's Office,County,CA0550000,TUOLUMNE,CA,37.984512,-120.38597
790,1782,Sonora Police Department,City,CA0550100,TUOLUMNE,CA,37.98655,-120.38485
791,34062,Highway Patrol:,State Police,CA0559925,TUOLUMNE,CA,,
792,1785,Ventura County Sheriff's Office,County,CA0560000,VENTURA,CA,34.26795,-119.212875
793,1786,Camarillo Police Department,City,CA0560100,VENTURA,CA,34.26795,-119.212875
794,1787,Fillmore Police Department,City,CA0560200,VENTURA,CA,34.26795,-119.212875
795,1788,Ojai Police Department,City,CA0560300,VENTURA,CA,34.26795,-119.212875
796,1789,Oxnard Police Department,City,CA0560400,VENTURA,CA,34.200966,-119.181076
797,1790,Port Hueneme Police Department,City,CA0560500,VENTURA,CA,34.14973,-119.19544
798,1791,Santa Paula Police Department,City,CA0560600,VENTURA,CA,34.35691,-119.06136
799,1792,Thousand Oaks Police Department,City,CA0560700,VENTURA,CA,34.26795,-119.212875
800,1793,Ventura Police Department,City,CA0560800,VENTURA,CA,34.26,-119.2226
801,1794,Simi Valley Police Department,City,CA0560900,VENTURA,CA,34.286324,-118.72261
802,1796,Department of Parks and Recreation: Angeles,Other State Agency,CA0561300,VENTURA,CA,34.358741,-119.133143
803,1797,Moorpark Police Department,City,CA056140X,VENTURA,CA,,
804,1798,Department of Parks and Recreation: Channel Coast,Other State Agency,CA0561500,VENTURA,CA,34.358741,-119.133143
805,1800,Department of Parks and Recreation: Hungry Valley,Other State Agency,CA0561700,VENTURA,CA,34.358741,-119.133143
806,1801,Union Pacific Railroad: Ventura County,Other,CA0562100,VENTURA,CA,34.358741,-119.133143
807,1802,California State University: Channel Islands,University or College,CA0562200,VENTURA,CA,34.183487,-119.04012
808,1803,Ventura County Community College District,University or College,CA056800X,VENTURA,CA,,
809,33896,Highway Patrol:,State Police,CA0569910,VENTURA,CA,,
810,34092,Highway Patrol:,State Police,CA0569965,VENTURA,CA,,
811,33886,Highway Patrol:,State Police,CA0569966,VENTURA,CA,,
812,33980,Highway Patrol:,State Police,CA0569970,VENTURA,CA,,
813,1806,Yolo County Sheriff's Office,County,CA0570000,YOLO,CA,38.679595,-121.902444
814,1807,Davis Police Department,City,CA0570100,YOLO,CA,38.679595,-121.902444
815,1808,Winters Police Department,City,CA0570200,YOLO,CA,38.521507,-121.97047
816,1809,Woodland Police Department,City,CA0570300,YOLO,CA,38.679595,-121.902444
817,1810,West Sacramento Police Department,City,CA0570400,YOLO,CA,38.679595,-121.902444
818,1811,Union Pacific Railroad: Yolo County,Other,CA057050X,YOLO,CA,37.798763,-122.24971
819,1813,University of California: Davis,University or College,CA0579700,YOLO,CA,38.679595,-121.902444
820,34110,Highway Patrol:,State Police,CA0579980,YOLO,CA,,
821,1816,Yuba County Sheriff's Office,County,CA0580000,YUBA,CA,39.270026,-121.34428
822,1817,Marysville Police Department,City,CA0580100,YUBA,CA,39.270026,-121.34428
823,1818,Wheatland Police Department,City,CA0580200,YUBA,CA,39.270026,-121.34428
824,1819,Union Pacific Railroad: Yuba County,Other,CA058030X,YUBA,CA,37.798763,-122.24971
825,27547,Blue Lake Tribal,Tribal,CADI03900,NOT SPECIFIED,CA,,
826,25312,La Jolla Tribal,Tribal,CADI0990X,NOT SPECIFIED,CA,,
827,1822,Tule River Tribal,Tribal,CADIT0000,NOT SPECIFIED,CA,36.228824,-118.781061
828,1823,Yurok Tribal,Tribal,CADIT0200,NOT SPECIFIED,CA,41.749903,-123.980998
829,25265,Sycuan Tribal,Tribal,CADIT0400,NOT SPECIFIED,CA,,
830,24050,Los Coyotes Tribal,Tribal,CADIT0500,NOT SPECIFIED,CA,,
831,1825,Hoopa Valley Tribal,Tribal,CADIT0800,NOT SPECIFIED,CA,40.706673,-123.925818
832,25264,Coyote Valley Tribal,Tribal,CADIT0900,NOT SPECIFIED,CA,,
833,25313,Table Mountain Rancheria,Tribal,CADIT1100,NOT SPECIFIED,CA,,
834,30614,San Pasqual Band of Mission Indians Tribal,Tribal,CADIT1400,NOT SPECIFIED,CA,,
835,32175,Bear River Band,Tribal,CADIT1600,NOT SPECIFIED,CA,,
